article,cluster
%C3%81ed%C3%A1n_mac_Gabr%C3%A1in,1
%C3%85land,14
%C3%89douard_Manet,3
%C3%89ire,8
%C3%93engus_I_of_the_Picts,1
%E2%82%AC2_commemorative_coins,3
10th_century,1
11th_century,1
12th_century,1
13th_century,1
14th_century,1
15th_Marine_Expeditionary_Unit,8
15th_century,1
16_Cygni,11
16_Cygni_Bb,11
16th_century,1
1755_Lisbon_earthquake,3
17th_century,3
1896_Summer_Olympics,15
18th_century,9
1928_Okeechobee_Hurricane,4
1973_oil_crisis,8
1980_eruption_of_Mount_St._Helens,4
1997_Pacific_hurricane_season,4
19th_century,6
1_Ceres,11
1st_century,1
1st_century_BC,1
2-6-0,4
2-8-0,4
2003_Atlantic_hurricane_season,4
2004_Atlantic_hurricane_season,4
2004_Indian_Ocean_earthquake,9
2005_Atlantic_hurricane_season,4
2005_Hertfordshire_Oil_Storage_Terminal_fire,4
2005_Kashmir_earthquake,9
2005_Lake_Tanganyika_earthquake,9
2005_Sumatra_earthquake,9
20th_century,6
21st_century,14
2nd_century,1
3_Juno,11
3rd_century,1
4-2-0,4
4-4-0,4
4-6-0,4
47_Ursae_Majoris,11
47_Ursae_Majoris_b,11
47_Ursae_Majoris_c,11
4_Vesta,11
4th_century,1
55_Cancri,11
55_Cancri_b,11
55_Cancri_c,11
55_Cancri_d,11
55_Cancri_e,11
5th_century,1
6-2-0,4
6th_century,1
7th_century,1
8th_century,1
90377_Sedna,11
9th_century,1
A._E._J._Collins,15
ABO_blood_group_system,2
AC_DC,7
AIDS,2
AK-47,8
ALCO_FA,4
ASCII,10
AT%26T,10
ATLAS_experiment,11
A_Christmas_Carol,7
A_Tale_of_a_Tub,3
A_Wrinkle_in_Time,7
A_cappella,15
Aachen,5
Aardvark,0
Aarhus,5
Abac%C3%A1,2
Abacus,6
Abadan,1
Abbadid,1
Abbas_I_of_Persia,1
Abbasid,1
Abbey,3
Abbey_Theatre,3
Abbot,3
Abel_Tasman,3
Aberdeen,5
Aberration_of_light,11
Aberystwyth,5
Abhidhamma_Pitaka,6
Abidjan,14
Abkhazia,14
Able_Archer_83,8
Abraham_Goldfaden,7
Abraham_Lincoln,8
Absinthe,2
Absolute_zero,11
Abstract_art,6
Abu_Dhabi,5
Abuja,5
Acceleration,11
Accountancy,6
Accra,5
Acetic_acid,13
Acetone,13
Achilles,1
Achilles_tendon,2
Acid_rain,9
Acorn_Computers,10
Actinium,13
Action_potential,11
Actor,7
Acts_of_Union_1707,3
Actuary,6
Adam_Smith,6
Addis_Ababa,5
Adelaide,5
Adenosine_triphosphate,13
Adi_Shankara,1
Adolf_Hitler,8
Adriaen_van_der_Donck,8
Advertising,10
Aesthetics,6
Afghan_Hound,0
Afghanistan,14
Africa,14
African_American_literature,7
African_Black_Oystercatcher,12
African_Brush-tailed_Porcupine,12
African_Buffalo,0
African_Darter,12
African_Great_Lakes,9
African_Grey_Hornbill,12
African_Grey_Parrot,0
African_Jacana,12
African_Penguin,0
African_Union,14
African_Wild_Dog,0
African_clawed_frog,2
African_dwarf_frog,12
African_slave_trade,14
Afrikaans,14
Agamemnon,1
Age_of_Enlightenment,6
Aggregator,10
Agnosticism,6
Agriculture,2
Airbus,4
Airbus_A380,4
Aircraft,4
Aircraft_carrier,4
Airship,4
Ajax_%28programming%29,10
Akbar,1
Akhenaten,1
Akira_Kurosawa,7
Akkadian_Empire,1
Akrotiri_and_Dhekelia,14
Aksumite_currency,1
Al_Jazeera,8
Alamosaurus,0
Alan_Turing,10
Albania,14
Albatross,0
Albert_Einstein,8
Alberto_Santos-Dumont,4
Albertosaurus,0
Albigensian_Crusade,3
Albinism,2
Albrecht_D%C3%BCrer,3
Albrecht_Rodenbach,3
Alchemy,1
Alcibiades,1
Alcohol,13
Aleksandr_Pushkin,3
Aleksandr_Vasilevsky,8
Aleksey_Arakcheyev,3
Alexander_Graham_Bell,4
Alexander_Hamilton,8
Alexander_the_Great,1
Alfred_Hitchcock,7
Alfred_Nobel,3
Alfred_the_Great,3
Algebra,6
Algeria,14
Algerian_Civil_War,14
Algiers,1
Algol,11
Algoma_Central_Railway,4
Algorithm,10
Alice%27s_Adventures_in_Wonderland,7
All_Blacks,15
All_You_Need_Is_Love_%28The_JAMs_song%29,7
All_your_base_are_belong_to_us,10
Allah,1
Allegory_in_the_Middle_Ages,1
Alligator,0
Alliterative_verse,1
Allosaurus,0
Almaty,9
Almond,2
Alpaca,0
Alphabet,6
Alternating_current,11
Alternation_of_generations,2
Alternative_rock,7
Aluminium,13
Aluminium_chloride,13
Alzheimer%27s_disease,2
Amaranth_oil,2
Amarillo%2C_Texas,5
Amazon_Basin,9
Amazon_Rainforest,9
Amazon_River,9
Amazon_parrot,12
Amber,9
Amda_Seyon_I,1
American_Civil_War,8
American_English,4
American_Revolutionary_War,8
American_Samoa,14
American_football,15
American_popular_music,7
Americium,13
Amish,7
Ammolite,9
Ammonia,13
Ammonite,0
Ammosaurus,0
Amsterdam,5
Amtrak,4
Amur,9
Anaconda,0
Analytical_Marxism,6
Anarchism,6
Anarcho-capitalism,6
Anatomy,6
Ancient_Egypt,1
Ancient_Greece,1
Ancient_Rome,1
Ancient_history,1
Andes,9
Andorra,14
Andr%C3%A9s_Nocioni,15
Andrew_Carnegie,8
Andrew_Dickson_White,8
Andrew_Gonzalez,8
Andrew_Jackson,8
Andrew_Johnson,8
Andrew_Robinson,7
Andriyivskyy_Descent,5
Andromeda_Galaxy,11
Andy_Warhol,7
Anemia,2
Angel_shark,0
Angelica,12
Angkor,9
Angkor_Wat,1
Anglican_Church_of_Australia,9
Anglican_Communion,3
Anglicanism,3
Anglo-Saxon_literature,1
Angola,14
Anguilla,14
Animal,0
Animal_law,6
Animal_rights,6
Animation,7
Ankylosaurus,0
Ann_Arbor%2C_Michigan,5
Anna_Karenina,7
Anne_Frank,8
Anne_of_Great_Britain,3
Annibale_Bugnini,3
Anno_Domini,1
Anschluss,8
Ant,0
Antananarivo,14
Antarctic_Treaty_System,9
Antarctic_krill,0
Antarctica,9
Antarctosaurus,0
Anteater,12
Antelope,0
Anthony_van_Dyck,3
Anthropology,6
Antigua_and_Barbuda,14
Antimony,13
Antlion,0
Antoine_Lavoisier,3
Anton%C3%ADn_Dvo%C5%99%C3%A1k,7
Anton_Alexander_von_Werner,3
Antonio_Vivaldi,3
Antwerp,5
Apaochi,1
Apatosaurus,0
Ape,0
Aphid,0
Apollo,1
Apollo_11,4
Apollo_8,4
Apostolic_Succession,3
Apple,2
Applied_mathematics,6
Apricot,2
Aquarium,9
Arab-Israeli_conflict,8
Arab_League,14
Arabic_language,14
Arable_land,2
Aradia%2C_or_the_Gospel_of_the_Witches,1
Aral_Sea,9
Arcadia_%28play%29,7
Archaeoastronomy,11
Archaeology,1
Archaeopteryx,0
Archbishop_of_Canterbury,3
Archimedes,1
Architecture,6
Architecture_of_Windows_NT,10
Architecture_of_the_California_missions,1
Arctic,9
Arctic_Circle,9
Arctic_Monkeys,7
Arctic_Ocean,9
Arctic_Tern,0
Arecaceae,2
Argan,2
Argentina,14
Argon,13
Argyle_diamond_mine,9
Ariel_Sharon,8
Aristarchus_%28crater%29,11
Aristotle,1
Arithmetic,6
Armadillo,0
Armand_Jean_du_Plessis%2C_Cardinal_Richelieu,3
Armenia,14
Armia_Krajowa,8
Arnold_Schwarzenegger,7
Arp2_3_complex,2
Ars_moriendi,3
Arsenal_F.C.,15
Arsenic,13
Art,6
Arthropod,0
Arthur_Ernest_Percival,8
Arthur_Sullivan,3
Arthur_Upfield,7
Arthur_Wellesley%2C_1st_Duke_of_Wellington,3
Arts_and_crafts,6
Aruba,14
Arugula,2
Ascariasis,2
Asia,14
Asp_%28reptile%29,0
Asparagus,2
Asperger_syndrome,6
Assyria,1
Astatine,13
Asteroid,11
Asthma,2
Astrology,11
Astronomy,11
Astrophysics_Data_System,10
Asunci%C3%B3n,5
Ateneo_de_Manila_University,14
Athanasius_Kircher,1
Atheism,6
Athena,1
Athens,5
Athletics_%28track_and_field%29,15
Atlanta%2C_Georgia,5
Atlantic_Coast_Line_Railroad,4
Atlantic_Ocean,9
Atlantic_herring,0
Atlantic_slave_trade,14
Atlantis,1
Atom,11
Atonality,6
Attack_on_Pearl_Harbor,8
Attalus_I,1
Attention-deficit_hyperactivity_disorder,6
Attila_the_Hun,1
Auckland,5
Augusta%2C_Lady_Gregory,3
Augustan_literature,3
Auguste_Rodin,3
Augustine_of_Hippo,1
Augustus,1
Australia,14
Australian_English,15
Australian_Green_Tree_Frog,0
Australian_Open,15
Australian_Ringneck,12
Australian_constitutional_law,6
Australian_rules_football,15
Austria,14
Autism,6
Auto_racing,15
Autobianchi_Primula,4
Autocracy,1
Automated_teller_machine,10
Automatic_number_plate_recognition,10
Automobile,4
Autorack,4
Autostereogram,6
Autumn,8
Avacha_Volcano,9
Avalanche,4
Avatar__The_Last_Airbender,7
Avocado,2
Avon_Gorge,9
Avro_Lancaster,4
Axe,9
Ayaan_Hirsi_Ali,8
Aye-aye,0
Aymer_de_Valence%2C_2nd_Earl_of_Pembroke,3
Azerbaijan,14
Azerbaijani_people,1
Aztec,1
BAE_Systems,4
BASIC,10
BBC,10
BBC_television_drama,7
BP,8
BT_Tower,4
B_vitamins,2
Babe_Ruth,15
Baboon,0
Babur,1
Baby_Gender_Mentor,10
Babylonia,1
Backgammon,15
Bacteria,2
Baden-Powell_House,5
Badger,0
Badminton,15
Badugi,15
Baghdad,5
Bah%C3%A1%27%C3%AD_Faith,1
Bahamas,14
Bahrain,14
Baker_Island,9
Bald_Eagle,0
Baltic_Sea,9
Baltimore%2C_Maryland,5
Bamako,14
Banana,2
Bandicoot,12
Bangalore,5
Bangkok,5
Bangladesh,14
Banjul,14
Bank_of_China_%28Hong_Kong%29,10
Banknote,6
Banksy,7
Bantu,9
Barack_Obama,8
Barbados,14
Barbara_McClintock,2
Barbary_Lion,0
Barbary_Macaque,0
Barcelona,5
Barium,13
Barley,2
Barn_Owl,12
Barnacle,12
Baroque,3
Barracuda,0
Baruch_Spinoza,6
Baseball,15
Basel,5
Basil,2
Basil_Brush,7
Basilica_of_San_Francesco_d%27Assisi,3
Basilica_of_Santa_Maria_degli_Angeli,3
Basketball,15
Basking_shark,0
Bass_%28fish%29,12
Basset_Hound,0
Bassoon,15
Bat,12
Bat-eared_Fox,0
Bath%2C_Somerset,5
Bath_School_disaster,8
Batholith,9
Batman,7
Battle_of_Alesia,1
Battle_of_Amiens,8
Battle_of_Austerlitz,3
Battle_of_Badr,1
Battle_of_Bicocca,3
Battle_of_Britain,8
Battle_of_Cannae,1
Battle_of_France,8
Battle_of_Gettysburg,8
Battle_of_Grunwald,1
Battle_of_Hastings,3
Battle_of_Jutland,4
Battle_of_Lechaeum,1
Battle_of_Leyte_Gulf,4
Battle_of_Marathon,1
Battle_of_Midway,8
Battle_of_Moscow,8
Battle_of_Normandy,8
Battle_of_Rennell_Island,4
Battle_of_Sitka,8
Battle_of_Smolensk_%281943%29,8
Battle_of_Stalingrad,8
Battle_of_Tours,1
Battle_of_Vaslui,3
Battle_of_Warsaw_%281920%29,8
Battle_of_the_Bulge,8
Battle_of_the_Eastern_Solomons,4
Battle_of_the_Little_Bighorn,8
Battle_of_the_Santa_Cruz_Islands,4
Battle_of_the_Somme_%281916%29,8
Battles_of_the_Mexican-American_War,8
Bay_Area_Rapid_Transit,4
Bay_of_Bengal,9
Beach,9
Bean,2
Bear,0
Beatles_for_Sale,7
Beaver,0
Bedbug,2
Bede,3
Bee,0
Beeching_Axe,4
Beekeeping,2
Beep_%28SWBLW%29,4
Beer,2
Beet,2
Beetle,0
Behavioral_finance,6
Behistun_Inscription,1
Beijing,5
Beirut,5
Belarus,14
Belfast,5
Belgium,14
Belize,14
Belton_House,3
Ben-Hur_%281959_film%29,7
Ben_Jonson,3
Ben_Nevis,9
Bench_language,6
Benin,14
Benito_Mussolini,8
Benjamin_Britten,7
Benjamin_Disraeli%2C_1st_Earl_of_Beaconsfield,3
Benjamin_Franklin,3
Benjamin_Harrison,8
Benjamin_Mountfort,3
Benjamin_of_Tudela,1
Benzene,13
Berber_languages,14
Beriberi,2
Berkelium,13
Berlin,5
Berlin_Wall,8
Bermuda,14
Bernard_Hinault,15
Bertrand_Russell,6
Beryllium,13
Betelgeuse_incident,4
Bette_Davis,7
Bhutan,14
Bible,1
Bicycle,15
Bicycle_Thieves,7
Big_Bang,11
Bill_Clinton,8
Bill_Gates,10
Billie_Holiday,7
Binary_star,11
Binoculars,11
Binomial_nomenclature,12
Biodiesel,2
Biodiversity,9
Biofuel,2
Bioinformatics,10
Biology,0
Bionicle__Mask_of_Light,7
Biosphere,9
Biotechnology,2
Bird,0
Bird_migration,0
Bird_of_prey,12
Birmingham,5
Birth_control,2
Bismuth,13
Bison,12
Bissau,14
Bj%C3%B6rn_Borg,15
Bj%C3%B8rn%C3%B8ya,9
Black-backed_Jackal,12
Black-footed_Cat,0
Black-winged_Stilt,12
Black_Death,3
Black_Rhinoceros,0
Black_Robin,12
Black_Sea,9
Black_Seminoles,8
Black_Wildebeest,12
Black_hole,11
Black_panther,0
Black_pepper,2
Black_widow_spider,0
Blackbird,12
Blackcap,12
Blackjack,15
Blackpool,5
Blacktip_reef_shark,12
Blade_Runner,7
Blaise_Pascal,3
Blitzkrieg,8
Blokus,15
Blood_type,2
Blue_Jay,12
Blue_Peter,7
Blue_Tit,12
Blue_Whale,0
Blue_Wildebeest,0
Blue_shark,0
Bluegrass_music,15
Bluetooth,10
Boa,12
Board_game,10
Boat,9
Bob_Dylan,7
Bob_Marley,7
Bobcat,0
Body_mass_index,2
Bodyline,15
Boeing_747,4
Bog,9
Bogot%C3%A1,5
Bohemian_Rhapsody,7
Bohor_Reedbuck,12
Bohrium,13
Bolivia,14
Bologna,5
Boltysh_crater,9
Bongo_%28antelope%29,0
Bonobo,0
Bontebok,12
Booby,12
Book,1
Book_of_Common_Prayer,3
Book_of_Kells,3
Boolean_logic,10
Borage,2
Boris_Becker,15
Boron,13
Bosnia_and_Herzegovina,14
Boston%2C_Massachusetts,5
Boston_RFC,15
Boston_Terrier,0
Boston_and_Lowell_Railroad,4
Botany,2
Botswana,14
Bottlenose_Dolphin,0
Boudica,1
Boundary_Waters_Canoe_Area_Wilderness,9
Bourbonnais_train_accident,4
Bouvet_Island,9
Box_jellyfish,2
Boy_Scout,8
Boyle_Roche,3
Brabantian,14
Brabham,15
Brachiosaurus,0
Brahman,6
Brain,2
Bran,2
Brandon_Routh,7
Bras%C3%ADlia,5
Brass_instrument,15
Bratislava,5
Brazil,14
Bread,2
Breaker_Morant,8
Bretton_Woods_system,8
Brian_Close,15
Bridge,4
Brighton,5
Brisbane,5
Bristol,5
British_East_India_Company,3
British_Empire,14
British_English,6
British_House_of_Commons,3
British_Indian_Ocean_Territory,14
British_Isles,3
British_Isles_%28terminology%29,14
British_Virgin_Islands,14
British_monarchy,3
Britney_Spears,7
Broadcasting,10
Bromine,13
Bronze_Age,1
Brothers_Grimm,1
Brown_trout,0
Bruce_Lee,7
Bruce_Springsteen,7
Brunei,14
Brush,2
Brussels,5
Brute_force_attack,10
Bryce_Canyon_National_Park,9
Btrieve,10
Bucharest,5
Buckingham_Palace,3
Buckminster_Fuller,4
Budapest,5
Buddha,6
Buddhism,1
Buddhist_art,1
Buenos_Aires,5
Buffy_the_Vampire_Slayer,7
Bulgaria,14
Bull_shark,0
Burkina_Faso,14
Burundi,14
Bushbuck,12
Bushpig,12
Business,10
Butter,2
Button,10
Byzantine_Empire,1
C%2B%2B,10
C%C3%A6dmon,1
C%C3%B4te_d%27Ivoire,14
C._S._Lewis,7
CF7,4
CPU_cache,10
CS_gas,13
Cactus,2
Cadmium,13
Caesar_cipher,10
Caesium,13
Caesium_fluoride,13
Cai_Lun,1
Cairo,5
Calcite,13
Calcium,13
Calcium_chloride,13
Calculus,11
Calgary,5
California,14
California_Southern_Railroad,4
Californium,13
Calligraphy,1
Caloris_Basin,11
Calvin_Coolidge,8
Calvin_and_Hobbes,7
Camarasaurus,0
Cambodia,14
Cambrian,9
Cambrian_explosion,0
Cambridge,5
Camel,0
Cameroon,14
Canada,14
Canada_Goose,12
Canadian_Charter_of_Rights_and_Freedoms,6
Canadian_English,6
Canadian_House_of_Commons,14
Canadian_Pacific_Railway,4
Canadian_Senate,6
Canadian_football,15
Canal,9
Canaletto,3
Canberra,5
Cancer,2
Cane_Toad,0
Canola,2
Canterbury,5
Canterbury_Cathedral,3
Canute_the_Great,3
Capacitance,11
Cape_Canaveral,9
Cape_Horn,9
Cape_Lion,12
Cape_Porcupine,12
Cape_Town,5
Cape_Verde,14
Capital,14
Capitalism,6
Capitoline_Triad,1
Captain_Marvel_%28DC_Comics%29,7
Caracas,5
Caratacus,1
Caravaggio,3
Carbon,13
Carbon_dioxide,13
Carboniferous,0
Carcinus_maenas,0
Card_game,15
Cardiff,5
Caribbean_Sea,9
Carl_Friedrich_Gauss,11
Carl_G._Fisher,4
Carl_Jung,6
Carl_Lewis,15
Carl_Sagan,8
Carlsbad_Caverns_National_Park,9
Carnivore,0
Caroline_Island,14
Carolingian_Gospel_Book_%28British_Library%2C_MS_Add._11848%29,3
Carolus_Linnaeus,0
Carrot,2
Casablanca_%28film%29,7
Casimir_effect,11
Caspian_Sea,9
Cassini-Huygens,11
Cassowary,0
Castra,1
Cat,11
Cat%27s_Eye_Nebula,0
Cat_Stevens,7
Cataract,2
Cataract_surgery,2
Cathedral_of_Magdeburg,5
Catherine_Cranston,3
Catherine_II_of_Russia,3
Catholic_social_teaching,6
Cattle,0
Cave,9
Cayman_Islands,14
Celeriac,12
Celery,2
Celine_Dion,7
Cell_%28biology%29,2
Cello,15
Celtic_F.C.,15
Celtic_Park,15
Celtic_mythology,1
Central_African_Republic,14
Central_processing_unit,10
Ceratopsidae,0
Cereal,2
Cerebellum,6
Ceres_%28dwarf_planet%29,11
Cerium,13
Chad,14
Chadian-Sudanese_conflict,14
Chaffinch,12
Channel_Islands,14
Charlemagne,1
Charles_Babbage,3
Charles_Darwin,3
Charles_Dickens,3
Charles_Etienne_Brasseur_de_Bourbourg,3
Charles_II_of_England,3
Charles_I_of_England,3
Charles_Sumner,8
Charles_V%2C_Holy_Roman_Emperor,3
Charlie_Chaplin,7
Charlotte%27s_Web,7
Chartism,3
Che_Guevara,8
Cheers,7
Cheese,2
Cheetah,0
Chelsea_F.C.,15
Chemical_element,13
Chemical_synapse,6
Chemistry,6
Chennai,5
Chepstow_Bridge,4
Chernobyl_disaster,9
Chess,15
Chester_A._Arthur,8
Chestnut,2
Chew_Magna,5
Chew_Stoke,5
Chew_Valley,9
Chew_Valley_Lake,9
Chicago,5
Chicago_Bears,15
Chicago_and_North_Western_Railway,4
Chicken,2
Child,6
Children%27s_Crusade,1
Children%27s_rights_movement,8
Chile,14
Chiltern_Hills,9
Chimpanzee,0
China,1
Chinese_Rites_controversy,1
Chinese_language,6
Chinyingi,9
Chives,2
Chlorine,13
Chocolate,2
Chola_dynasty,1
Cholera,2
Chordate,0
Chris_Evert,15
Christian_Bale,7
Christian_monasticism,1
Christianity,1
Christina_Aguilera,7
Christmas_Island,14
Christopher_Columbus,3
Christopher_Wren,3
Chromatic_aberration,11
Chromatophore,2
Chromium,13
Church_of_England,3
Church_of_Ireland,3
Cicely,12
Cider,2
Cinema_of_the_United_States,7
Citizen_Kane,7
Citizenship,6
Citrus,2
City,5
City_status_in_the_United_Kingdom,5
Civil_War_token,8
Civil_rights,6
Civil_society,6
Civilization,1
Civilization_%28computer_game%29,10
Clarinet,15
Classic_female_blues,7
Claude_L%C3%A9vi-Strauss,6
Claude_Monet,3
Claudius,1
Clay,9
Cleopatra_VII,1
Cleopatra_VII_of_Egypt,1
Cleveland%2C_Ohio,5
Clifton_Suspension_Bridge,4
Climate,9
Climate_change,9
Clock,10
Clone_Wars_%28Star_Wars%29,7
Clothing,6
Cloud,11
Coal,13
Coal_Tit,12
Cobalt,13
Coccinellidae,12
Cochineal,2
Cockatiel,0
Cocoa,2
Coconut,2
Coconut_crab,0
Coconut_oil,2
Cocos_%28Keeling%29_Islands,14
Cod,2
Code_of_Hammurabi,1
Coffee,2
Coin,6
Cold_War,8
Colditz_Castle,8
Colima_%28volcano%29,9
Collapse_of_the_World_Trade_Center,4
Colley_Cibber,3
Cologne,5
Colombia,14
Colombo,5
Color,6
Color_Graphics_Adapter,10
Color_blindness,2
Colorado_River,9
Colossus_of_Rhodes,1
Columba,1
Columbia_River,9
Columbine_High_School_massacre,8
Columbus%2C_Ohio,5
Comet,11
Comet_Hale-Bopp,11
Comet_Halley,11
Comet_Hyakutake,11
Comet_Shoemaker-Levy_9,11
Comet_White-Ortiz-Bolelli,11
Comics,6
Comma_Johanneum,3
Commodore_64,10
Common_Basilisk,12
Common_Cuckoo,12
Common_Eider,12
Common_Eland,12
Common_Hazel,2
Common_Pheasant,12
Common_Tern,12
Common_agouti,12
Common_cold,2
Common_sage,2
Commonwealth_Games,15
Communication,6
Communism,6
Community,6
Comoros,14
Compact_Disc,10
Company_%28law%29,6
Compsognathus,0
Computational_chemistry,11
Computer,10
Computer_and_video_games,10
Computer_programming,10
Computer_science,10
Conakry,14
Concorde,4
Condoleezza_Rice,8
Conflict,6
Confucianism,6
Confucius,1
Congo_River,9
Consolation_of_Philosophy,1
Constantine_I,1
Constantine_II_of_Scotland,1
Constitution_of_May_3%2C_1791,8
Constitutional_monarchy,6
Constructivism_%28art%29,6
Consumer_protection,10
Contact_lens,2
Continent,9
Continental_crust,9
Control_car_%28rail%29,4
Convention_on_the_International_Trade_in_Endangered_Species_of_Wild_Flora_and_Fauna,0
Convention_on_the_Rights_of_the_Child,8
Cook_Islands,14
Cookiecutter_shark,12
Cooperative,6
Coot,12
Copenhagen,5
Copenhagen_Fire_of_1728,3
Copper,13
Copper%28I%29_chloride,13
Coriander,2
Corinthian_War,1
Cormorant,12
Corn_oil,2
Cornea,2
Cornell_University,5
Coronation_Street,7
Corporate_finance,10
Corporation,6
Corrosion,13
Corundum,13
Cosmic_inflation,11
Cosmic_microwave_background_radiation,11
Costa_Rica,14
Costume_design,7
Cotopaxi,9
Cotswolds,5
Cotton,2
Coulomb%27s_law,11
Country,14
Coupling_%28railway%29,4
Coventry,5
Crab_Nebula,11
Crash_test_dummy,4
Craters_of_the_Moon_National_Monument_and_Preserve,9
Craton,9
Creation-evolution_controversy,6
Creationism,6
Creative_Commons,10
Cretaceous,9
Cretaceous-Tertiary_extinction_event,0
Cricket,15
Crime,6
Crime_and_Punishment,7
Crime_in_Mexico,14
Crimean_Karaites,1
Crimean_War,3
Crimson-collared_Tanager,12
Cristero_War,8
Criticism_of_the_War_on_Terrorism,8
Croatia,14
Crocodile,0
Crohn%27s_disease,2
Cross_Fell,9
Crossbill,12
Crow,0
Crown_Jewels_of_the_United_Kingdom,3
Crusades,1
Crust_%28geology%29,9
Crustacean,0
Cryptography,10
Crystal,13
Crystallographic_defects_in_diamond,13
Cuba,14
Cubeb,2
Cubism,6
Cuckmere_Haven,9
Cultivar,2
Cultural_diversity,6
Cultural_identity,6
Culture,6
Culture_of_the_Democratic_Republic_of_the_Congo,14
Curium,13
Currency,14
Cyanocobalamin,13
Cyberpunk,7
Cyclamen,2
Cyclone_Percy,4
Cyclone_Rosita,4
Cyclops,1
Cymbopogon,2
Cyprus,14
Cyril_Clarke,12
Cyrus_K._Holliday,4
Cyrus_the_Great,1
Cystic_fibrosis,2
Czech_Republic,14
D%C3%A1l_Riata,1
D%C3%BCsseldorf,5
DNA,6
DNA_repair,2
DVD,10
Dad%27s_Army,7
Dada,7
Dakar,14
Dakota%2C_Minnesota_and_Eastern_Railroad,4
Daley_Thompson,15
Dallas%2C_Texas,5
Dam,9
Damascus,1
Damascus_steel,13
Damon_Hill,15
Dance,6
Dandelion,2
Daniel_Day-Lewis,7
Daniel_Ellsberg,8
Danny_Deever,7
Danske_Statsbaner,4
Dante_Alighieri,3
Danube,9
Darfur_conflict,8
Dark_Ages,1
Darling_River,9
Darmstadtium,13
Darth_Vader,7
Dartmoor,9
Das_Kapital,6
Data_Encryption_Standard,10
David_Attenborough,7
David_Beckham,15
David_Blanchflower,6
David_Cameron,8
David_Copperfield_%28novel%29,7
David_Helvarg,8
David_Heymann,9
David_Hilbert,6
David_Hume,6
David_III_of_Tao,1
David_Livingstone,8
Davis_Cup,15
Davy_Jones%27_Locker,7
Day,11
Dayuan,1
Dead_Sea,9
Dead_Sea_scrolls,1
Death_Valley_National_Park,9
Decade_Volcanoes,9
Deconstructivism,6
Defaka,14
Defense_of_Sihang_Warehouse,8
Definition_of_planet,11
Deinonychus,0
Deity,6
Delhi,5
Deluge_%28mythology%29,1
Demand_Note,8
Democracy,6
Democratic_Action_Party,14
Democratic_Republic_of_the_Congo,14
Demosthenes,1
Denis_Law,15
Denmark,14
Dennis_Ritchie,10
Denver%2C_Colorado,5
Derby,5
Desert,9
Desert_locust,2
Desmond_Tutu,8
Despotism,1
Detroit%2C_Michigan,5
Devonian,9
Dewey_Square,4
Diabetes_mellitus,2
Diamond,6
Diamond_cut,6
Diamond_simulant,13
Diane_Keaton,7
Dice,15
Dido_and_Aeneas,7
Diego_Garcia,14
Diego_Maradona,15
Diego_Vel%C3%A1zquez,3
Differential_equation,11
Differential_geometry_and_topology,6
Diffuse_interstellar_band,11
Dik-dik,12
Dill,2
Dilophosaurus,0
Dimetrodon,0
Dingo,0
Dinosaur,0
Diplodocus,0
Directdebit,10
Directive_Principles_in_India,14
Disneyland_Railroad,4
Distilled_beverage,2
Dixie_Mission,8
Djibouti,14
Dmitri_Mendeleev,13
Doctor_Who,7
Dodo,0
Dog,0
Doha,5
Dolphin,0
Domesday_Book,3
Domestic_AC_power_plugs_and_sockets,10
Domestic_goat,2
Domesticated_turkey,2
Dominica,14
Dominican_Republic,14
Donald_Bradman,15
Donald_Duck,7
Donald_Knuth,10
Donation,10
Doom,10
Dorset,5
Double-decker_bus,4
Double_bass,15
Douglas_Adams,7
Douglas_DC-4,4
Dove,12
Dover,5
Down_syndrome,6
Dr._Seuss,7
Drama,7
Draughts,15
Drawing,6
Dresden,5
Drinking_water,2
Driving_on_the_left_or_right,14
Drosera_anglica,2
Drosophila_melanogaster,2
Drought,9
Drum_and_bass,7
Du_Fu,1
Dualism_%28philosophy_of_mind%29,6
Dubai,5
Dublin,5
Dubnium,13
Duchenne_muscular_dystrophy,2
Dundee,5
Dundee_United_F.C.,15
Dune,9
Dunnock,12
Dunstable_Downs,12
Duran_Duran,7
Durham,5
Durham_Cathedral,3
Durian,2
Dutch_language,6
Dwight_D._Eisenhower,8
Dysprosium,13
E.T._the_Extra-Terrestrial_%28Atari_2600%29,7
E._E._Cummings,7
E._P._Wigner,6
ECHELON,10
EMD_BL2,4
EMD_F7,4
EMD_GP30,4
Eagle,12
Eagle_Scout_%28Boy_Scouts_of_America%29,15
Earl_of_Shaftesbury,3
Earless_seal,0
Earth,11
Earth%27s_atmosphere,11
Earthquake,9
Earwax,2
East-West_Schism,1
EastEnders,7
East_Africa,14
East_Flemish,6
East_Timor,14
Easter_Island,14
Eastern_Orthodox_Church,1
Eastern_Roman_Empire,12
Ebony,12
Ecology,9
Economic_inequality,6
Economics,6
Economy_of_Africa,14
Economy_of_India,14
Economy_of_Pakistan,14
Economy_of_Scotland,5
Economy_of_the_Iroquois,6
Economy_of_the_Republic_of_Ireland,5
Ecuador,14
Edema,2
Edgar_Allan_Poe,7
Edible_salt,2
Edinburgh,5
Edmond_Halley,11
Edmonton,5
Edmund_Burke,3
Edmund_Hillary,8
Education,6
Education_in_the_United_States,6
Educational_psychology,6
Edward_Gibbon,3
Edward_III_of_England,3
Edward_II_of_England,3
Edward_IV_of_England,3
Edward_I_of_England,3
Edward_Jenner,3
Edward_Teller,8
Edward_VIII_of_the_United_Kingdom,3
Edward_VII_of_the_United_Kingdom,3
Edward_VI_of_England,3
Edward_V_of_England,3
Edward_the_Confessor,3
Edwin_of_Northumbria,1
Effect_of_Hurricane_Katrina_on_New_Orleans,4
Effects_of_global_warming,9
Effects_of_nuclear_explosions,11
Egg_%28food%29,2
Egypt,14
Egyptian_pyramids,1
Eifel_Aqueduct,1
Eilmer_of_Malmesbury,1
Einsteinium,13
El_Aai%C3%BAn,14
El_Hatillo_Municipality%2C_Miranda,5
El_Lissitzky,8
El_Ni%C3%B1o-Southern_Oscillation,9
El_Salvador,14
Elagabalus,1
Eldfell,9
Election,6
Electric_charge,11
Electric_field,11
Electrical_engineering,10
Electrical_resistance,11
Electricity,11
Electromagnetic_radiation,11
Electron,11
Electron_beam_welding,13
Electronic_amplifier,10
Electronics,10
Elementary_algebra,6
Elementary_arithmetic,6
Elementary_group_theory,6
Eleocharis_dulcis,12
Elephant,0
Elephant_bird,0
Elephant_shrew,0
Elfin-woods_Warbler,0
Elias_Ashmole,3
Eliminative_materialism,6
Elizabeth_Fry,3
Elizabeth_II_of_the_United_Kingdom,3
Elizabeth_I_of_England,3
Elizabethan_Poor_Law_%281601%29,3
Elvis_Presley,7
Emacs,10
Emanuel_Swedenborg,3
Emirate,14
Emma_Roberts,7
Emotion,6
Emperor_Penguin,0
Empires__Dawn_of_the_Modern_World,10
Empiricism,6
Employment,6
Emu,0
Enceladus_%28moon%29,11
Encyclop%C3%A6dia_Britannica,10
Endoscopic_foreign_body_retrieval,2
Energy,11
Engineering,6
England,5
England_expects_that_every_man_will_do_his_duty,3
English_Channel,9
English_Reformation,3
English_language,6
English_monarchs_family_tree,12
English_peasants%27_revolt_of_1381,3
English_poetry,3
Enigma_machine,10
Entropy,6
Environmental_science,9
Enzyme_kinetics,13
Eocene,0
Epaminondas,1
Epazote,2
Epic_of_Gilgamesh,1
Episcopal_polity,1
Equal_Protection_Clause,8
Equatorial_Guinea,14
Erbium,13
Eric_Clapton,7
Erie_Canal,4
Eris_%28dwarf_planet%29,11
Eritrea,14
Ernest_Hemingway,7
Ernest_Rutherford,11
Eruption_column,9
Erwin_Rommel,8
Eskimo,9
Esox,0
Esperanto,6
Essential_oil,2
Estonia,14
Ethanol,2
Ethics,6
Ethiopia,14
Ethiopian_Wolf,12
Ethnic_group,6
Euclid,6
Euclidean_geometry,6
Eukaryote,2
Euphrates,1
Eurasian_Bullfinch,12
Eurasian_Collared_Dove,12
Eurasian_Eagle_Owl,12
Eurasian_Jay,12
Eurasian_Oystercatcher,12
Euro,14
Europe,14
European_Goldfinch,12
European_Greenfinch,12
European_Kingfisher,12
European_Parliament,14
European_Space_Agency,11
European_Union,14
Europium,13
Eurovision_Song_Contest,15
Euston_Manifesto,6
Eustreptospondylus,12
Eva_Per%C3%B3n,8
Evan_Rachel_Wood,7
Evanton,5
Evolution,6
Evolutionarily_stable_strategy,6
Existentialism,6
Exploration_of_Mars,11
Explorer_I,11
Expressionism,6
Extinct_birds,0
Extinction,0
Extrasolar_planet,11
Extraterrestrial_life,11
Eye,11
Eye_%28cyclone%29,4
Eyelid,2
Ezra_Pound,7
F-35_Lightning_II,4
F-4_Phantom_II,4
FIFA,15
FIFA_World_Cup,15
FM_Consolidated_line,4
FairTax,10
Fair_Isle,9
Falcon,12
Falkirk_Wheel,4
Falkland_Islands,14
Family,6
Famine,2
Fanny_Blankers-Koen,15
Faroe_Islands,14
Fascism,6
Fashion,6
Fatty_acid,2
Fauna_of_Australia,0
Feather,0
Fed_Cup,15
Federal_Bureau_of_Investigation,8
Federated_States_of_Micronesia,14
Fedora_Core,10
Feldspar,13
Felice_Beato,3
Felix_Mendelssohn,3
Felix_the_Cat,7
Fencing,15
Fennel,2
Ferdinand_Magellan,1
Ferdinandea,9
Fermi_paradox,11
Fermium,13
Fern,2
Fertile_Crescent,9
Fertilizer,2
Fetal_alcohol_spectrum_disorder,2
Ffestiniog_Railway,4
Fiberglass,13
Fiction,6
Fidel_Castro,8
Fieldfare,12
Fiji,14
Film,7
Final_Fantasy_%28video_game%29,10
Final_Fantasy_Adventure,10
Finance,6
Financial_statements,10
Fine_art,6
Finland,14
Fire,2
Firearm,15
Firecrest,12
Firefly_%28TV_series%29,7
First_Council_of_Nicaea,1
First_Crusade,1
First_Macedonian_War,1
First_Transcontinental_Railroad,4
Fish,0
Fishing,0
Flag_of_Australia,14
Flag_of_Belarus,8
Flag_of_Hong_Kong,14
Flag_of_India,8
Flag_of_Mexico,8
Flag_of_South_Africa,8
Flag_of_the_Republic_of_China,8
Flamingo,0
Flanders,14
Flat_Earth,1
Flemish_%28linguistics%29,14
Flemish_dialects,14
Flemish_people,14
Flood,9
Floppy_disk,10
Florence_Nightingale,3
Florida,5
Florida_East_Coast_Railway,4
Floris_and_Blancheflour,1
Flower,2
Floyd_Mayweather_Jr.,15
Fluorine,13
Flute,15
Foie_gras,2
Folic_acid,2
Folk_music,7
Folklore,6
Food,2
Football,15
Football_%28soccer%29,15
Force,11
Forensic_facial_reconstruction,0
Forest,9
Formic_acid,13
Formula_One,15
Forrest_Gump,7
Fort_de_Chartres,4
Forth,10
Forth_Bridge_%28railway%29,4
Forth_Road_Bridge,4
Fossil,0
Fossil_fuel,9
Fossil_record,0
Fourteenth_Amendment_to_the_United_States_Constitution,8
Fox,0
Fr%C3%A9d%C3%A9ric_Chopin,3
Fractal,6
France,14
France_in_the_American_Revolutionary_War,3
Frances_Oldham_Kelsey,2
Francis_Bacon,3
Francis_Crick,6
Francis_Drake,3
Francis_Petre,3
Francis_of_Assisi,3
Francisco_Goya,3
Francium,13
Frank_Lloyd_Wright,4
Frankenstein,7
Frankfurt,5
Franklin_B._Gowen,8
Franklin_D._Roosevelt,8
Franklin_Pierce,8
Franks,1
Franz_Kafka,7
Franz_Schubert,3
Frederick_Douglass,8
Frederick_Hamilton-Temple-Blackwood%2C_1st_Marquess_of_Dufferin_and_Ava,3
Frederick_II%2C_Holy_Roman_Emperor,3
Frederick_II_of_Prussia,3
Freetown,14
French_Guiana,14
French_Open_%28tennis%29,15
French_Polynesia,14
French_Revolution,3
French_Southern_and_Antarctic_Lands,14
French_language,14
Fresh_water,9
Friedrich_Nietzsche,6
Friend_Directdebit,10
Frog,0
Fruit,2
Fugu,0
Full_moon,11
Funchal,14
Functional_programming,10
Fundamental_Rights_in_India,6
Fundamental_theorem_of_arithmetic,6
Fungus,2
Fur_language,14
Fusarium,12
Fyodor_Dostoevsky,7
GDRT,1
GNOME,10
GNU,10
GNU_Linux_naming_controversy,10
GNU_Project,10
Gabon,14
Gaborone,14
Gadolinium,13
Gal%C3%A1pagos_Islands,9
Galah,0
Galaxy,11
Galeras,9
Galerina,12
Galileo_Galilei,11
Gallery_of_the_Kings_and_Queens_of_England,9
Gallimimus,0
Gallium,13
Galveston_Hurricane_of_1900,4
Game,6
Game_theory,6
Ganesha,1
Ganges_River,9
Ganges_shark,12
Gangtok,5
Garage_%28dance_music%29,7
Garden,2
Garden_Gnome_Liberation_Front,9
Gardening,2
Gas,11
Gas_giant,11
Gas_metal_arc_welding,13
Gas_tungsten_arc_welding,13
Gas_turbine-electric_locomotive,4
Gaur,0
Gauss%27s_law,11
Gautama_Buddha,1
Gaza_Strip,14
Gazelle,0
Gender,6
Genealogy,6
General_Pershing_Zephyr,4
Genetic_code,2
Genetics,6
Geneva,5
Genghis_Khan,1
Genoa,5
Gentoo_penguin,12
Geography,6
Geography_of_Africa,9
Geography_of_India,9
Geography_of_Ireland,9
Geography_of_Texas,9
Geology,9
Geology_of_Dorset,9
Geology_of_the_Grand_Canyon_area,9
Geometry,6
Georg_Cantor,6
Georg_Forster,3
Georg_von_Boeselager,8
George_Byron%2C_6th_Baron_Byron,3
George_Eliot,3
George_Fox,3
George_H._W._Bush,8
George_Herbert,3
George_III_of_the_United_Kingdom,3
George_II_of_Great_Britain,3
George_IV_of_the_United_Kingdom,3
George_I_of_Great_Britain,3
George_Thomas_Coker,8
George_VI_of_the_United_Kingdom,3
George_V_of_the_United_Kingdom,3
George_W._Bush,8
George_Washington,8
Georgetown%2C_Guyana,5
Georgia_%28country%29,14
Gerald_Durrell,7
Gerald_Ford,8
German_Crusade%2C_1096,1
German_language,6
German_reunification,8
Germanium,13
Germany,14
Gettysburg_Address,8
Ghana,14
Ghost_Dance,8
Giant%27s_Causeway,9
Giant_Eland,12
Giant_Hogweed,2
Giant_Panda,0
Gibraltar,14
Giganotosaurus,0
Gilles_Villeneuve,15
Giraffe,0
Giuseppe_Verdi,3
Giza_pyramid_complex,9
Glacier,9
Glacier_National_Park_%28US%29,9
Glaciology,9
Glasgow,5
Glass,13
Glasses,15
Glastonbury_Festival,7
GlaxoSmithKline,2
Gliding,15
Gliese_876,11
Gliese_876_b,11
Gliese_876_c,11
Gliese_876_d,11
Global,9
Global_city,5
Global_spread_of_H5N1,2
Global_warming,9
Globalization,6
Globe_Theatre,3
Globular_cluster,11
Glorious_Revolution,3
Glynn_Lunney,8
Gmail,10
Go_%28board_game%29,15
Goa,14
God,6
Gold,13
Gold%28III%29_chloride,13
Gold_standard,8
Goldcrest,12
Golden_Eagle,0
Golden_Gate_Highlands_National_Park,9
Goldfish,0
Goleta%2C_California,5
Gone_with_the_Wind_%28film%29,7
Google,10
Goose,12
Gordon_Brown,8
Gordon_Griffith,7
Gorilla,0
Gossypium,2
Gothenburg,5
Gottfried_Leibniz,6
Government,6
Government_of_France,14
Gowanus_Canal,5
Grand_Canal_of_China,1
Grand_Canyon,9
Grand_Central_Station_%28Chicago%29,4
Grand_Central_Terminal,4
Grand_Forks%2C_North_Dakota,5
Grand_Slam_%28tennis%29,15
Grange_Hill,7
Granite,9
Graniteville_train_disaster,4
Grape_seed_oil,2
Graphic_novel,7
Gravitation,11
Gray_Wolf,0
Gray_reef_shark,12
Grease_%28film%29,7
Great_Auk,0
Great_Barrier_Reef,9
Great_Black-backed_Gull,12
Great_Britain,9
Great_Bustard,12
Great_Comet_of_1882,11
Great_Cormorant,12
Great_Crested_Grebe,12
Great_Lakes,9
Great_Lakes_Storm_of_1913,4
Great_Moravia,1
Great_Pyramid_of_Giza,1
Great_Red_Spot,11
Great_Rift_Valley,9
Great_Salt_Lake,9
Great_Spotted_Woodpecker,12
Great_Tit,12
Great_Wall_of_China,11
Great_Yarmouth,5
Great_comet,11
Great_hammerhead,12
Great_white_shark,0
Greater_Cane_Rat,12
Greco-Buddhism,1
Greece,14
Greek_War_of_Independence,3
Greek_mythology,1
Green_Woodpecker,12
Greenhouse_effect,11
Greenland,9
Greg_LeMond,15
Gregor_Mendel,6
Gregorian_chant,1
Gremlins,7
Grenada,14
Grevy%27s_Zebra,12
Group_%28mathematics%29,6
Grover_Cleveland,8
Guadeloupe,14
Guam,14
Guangzhou,5
Guatemala,14
Guernsey,14
Guglielmo_Marconi,4
Guild,6
Guinea,14
Guinea-Bissau,14
Guinness,2
Guitar,15
Gulf_of_Mexico,9
Gull,12
Gunpowder,13
Guqin,1
Gustav_Holst,3
Gustavus_Franklin_Swift,4
Guyana,14
Gyeongju,5
Gypsum,2
H%C3%A4nsel_und_Gretel,7
H.D.,7
H5N1,2
HD_209458_b,11
HD_217107,11
HD_217107_b,11
HD_217107_c,11
HD_28185,11
HD_28185_b,11
HIV,2
HIV_AIDS_in_Africa,14
HMS_E18,4
HSBC,10
HTTP_cookie,10
H_II_region,11
Habsburg_Spain,3
Hadrian%27s_Wall,1
Haemophilia,2
Hafnium,13
Haiti,14
Haji_Mohammad_Suharto,8
Halfbeak,0
Halloween,15
Hamburg,5
Hamilton-Burr_duel,8
Hammurabi,1
Hampshire,5
Hampstead_Heath,5
Hannibal_Barca,1
Hanoi,5
Harald_Maddadsson,1
Haraldsk%C3%A6r_Woman,1
Harare,5
Hardball_squash,15
Harlem_Globetrotters,15
Harley-Davidson,4
Harold_Macmillan,8
Harold_Wilson,8
Harrier_Hawk,12
Harry_Potter,7
Harry_S._Truman,8
Harvest,2
Hasekura_Tsunenaga,3
Hassium,13
Hatshepsut,1
Hawaiian_Goose,12
Hawfinch,12
Hawk,15
Hawk-Eye,12
Hawking_radiation,11
Health,2
Heard_Island_and_McDonald_Islands,9
Heat,11
Hebrew_calendar,1
Hebrew_language,1
Hebrides,1
Heilbronn,5
Helen,1
Helen_Gandy,8
Helicobacter_pylori,2
Heliocentrism,11
Helium,13
Hellenistic_Greece,1
Hello_Garci_scandal,8
Helmeted_Guineafowl,12
Helsinki,5
Henipavirus,2
Henri_Matisse,7
Henrik_Ibsen,7
Henry_David_Thoreau,8
Henry_Fonda,7
Henry_Ford,8
Henry_H._Rogers,4
Henry_III_of_England,3
Henry_II_of_England,3
Henry_IV_of_England,3
Henry_I_of_England,3
Henry_James,7
Henry_Moore,3
Henry_Morrison_Flagler,4
Henry_Morton_Stanley,8
Henry_Purcell,3
Henry_Rollins,7
Henry_VIII_of_England,3
Henry_VII_of_England,3
Henry_VI_of_England,3
Henry_V_of_England,3
Henry_Wood_%28conductor%29,15
Hepatocellular_carcinoma,2
Hepatorenal_syndrome,2
Heracles,1
Heraclius,1
Heraldry,3
Herbert_Hoover,8
Herbig-Haro_object,11
Herbivore,0
Hermann_Maier,15
Hern%C3%A1n_Cort%C3%A9s,3
Hero_of_Ukraine,8
Hero_of_the_Russian_Federation,8
Herodotus,1
Heron,12
Herrerasaurus,12
Herring_Gull,12
Hey_Jude,7
Hickman%27s_potentilla,9
High_German_consonant_shift,6
Hilda_of_Whitby,3
Himalayas,9
Himno_Nacional_Mexicano,8
Hindi,14
Hinduism,1
Hip_hop_music,7
Hippocrates,1
Hippopotamus,0
Hiroh_Kikai,7
Hirohito,8
History,6
History_of_Alaska,8
History_of_Anglo-Saxon_England,1
History_of_Arizona,8
History_of_Buddhism,1
History_of_Burnside,5
History_of_Cape_Colony_from_1806_to_1870,3
History_of_Cape_Colony_from_1870_to_1899,8
History_of_Central_Asia,1
History_of_Earth,11
History_of_Greece,1
History_of_Greenland,14
History_of_Limerick,5
History_of_Louisville%2C_Kentucky,5
History_of_Miami%2C_Florida,8
History_of_New_Jersey,8
History_of_Northwest_Territories_capital_cities,8
History_of_Poland_%281945%E2%80%931989%29,8
History_of_Portugal_%281777%E2%80%931834%29,3
History_of_Puerto_Rico,8
History_of_Russia,8
History_of_Singapore,14
History_of_Solidarity,8
History_of_South_Africa,14
History_of_South_Africa_in_the_apartheid_era,8
History_of_South_Carolina,8
History_of_Wikipedia,10
History_of_computing_hardware,10
History_of_democracy,1
History_of_education,1
History_of_merit_badges_%28Boy_Scouts_of_America%29,2
History_of_nuclear_weapons,8
History_of_painting,1
History_of_post-Soviet_Russia,8
History_of_saffron,1
History_of_science,6
History_of_slavery,8
History_of_the_Australian_Capital_Territory,5
History_of_the_Grand_Canyon_area,4
History_of_the_Internet,10
History_of_the_Netherlands,3
History_of_the_Panama_Canal,4
History_of_the_Portuguese_Communist_Party,8
History_of_the_Royal_Australian_Navy,4
History_of_the_West_Indian_cricket_team,15
History_of_the_world,1
Ho_Chi_Minh,8
Ho_Chi_Minh_City,5
Holkham_Hall,3
Hollandic,9
Holmium,13
Holy_Roman_Empire,3
Homer,1
Homestar_Runner,7
Homo_floresiensis,0
Honduras,14
Honey,2
Honey_bee,0
Hong_Kong,14
Hoover_Dam,4
Hopman_Cup,15
Horatio_Nelson%2C_1st_Viscount_Nelson,3
Horn_of_Africa,14
Horse,0
Hot_air_balloon,4
House,6
House_Martin,12
House_Sparrow,12
House_of_Lords,3
Household_income_in_the_United_States,6
Houston%2C_Texas,5
Hovercraft,4
Howards_End,3
Howland_Island,9
Hrafnkels_saga,1
Hubbard_Glacier,9
Hubble%27s_law,11
Hubble_Deep_Field,11
Hubble_Space_Telescope,11
Hudson_Bay,9
Hugo_Wolf,7
Human,6
Human_abdomen,2
Human_dignity,6
Human_rights,6
Humanism,6
Humanities,6
Humbert_Roque_Versace,8
Humour,6
Humpback_Whale,0
Humphry_Davy,13
Humus,2
Hundred_Years%27_War,3
Hungary,14
Hunger,2
Huntington%27s_disease,2
Hurricane_Alex_%282004%29,4
Hurricane_Andrew,4
Hurricane_Camille,4
Hurricane_Charley,4
Hurricane_Danny_%281997%29,4
Hurricane_David,4
Hurricane_Dennis,4
Hurricane_Edouard_%281996%29,4
Hurricane_Epsilon_%282005%29,4
Hurricane_Felix_%281995%29,4
Hurricane_Floyd,4
Hurricane_Georges,4
Hurricane_Gloria,4
Hurricane_Ivan,4
Hurricane_John_%281994%29,4
Hurricane_John_%282006%29,4
Hurricane_Katrina,4
Hurricane_Lenny,4
Hurricane_Marty_%282003%29,4
Hurricane_Mitch,4
Hurricane_Philippe_%282005%29,4
Hurricane_Vince_%282005%29,4
Husein_Grada%C5%A1%C4%8Devi%C4%87,1
Hutu,14
Hyde_Park%2C_London,3
Hydrochloric_acid,13
Hydrogen,13
Hydrogen_peroxide,13
Hydrology,9
Hyena,0
Hymenoptera,0
Hypsilophodon,0
IG_Farben_Building,8
IPod,10
ITunes,10
I_Ching,1
I_Want_to_Hold_Your_Hand,7
Ibn_Battuta,1
Ice,13
Ice_age,9
Ice_hockey,15
Ice_sheet,9
Iceland,14
Iceland_hotspot,9
Ichthyosaur,0
Idit_Harel_Caperton,10
Idolatry,1
Igneous_rock,9
Igor_Stravinsky,7
Iguanodon,0
Ike_Altgens,8
Imagism,7
Immanuel_Kant,6
Imperative_programming,10
Imperial_Japanese_Navy,4
Impressionism,3
Inca_Empire,1
Income_disparity,6
India,14
Indian_Institutes_of_Technology,5
Indian_Ocean,9
Indian_Peafowl,12
Indian_Railways,4
Indian_Standard_Time,14
Indian_cricket_team,15
Indian_independence_movement,8
Indira_Gandhi,8
Indium,13
Indo-Greek_Kingdom,1
Indonesia,14
Indonesian_language,14
Indricotherium,12
Inductance,11
Indus_River,9
Indus_Valley_Civilization,1
Industrial_Revolution,3
Industry,6
Information,6
Infrastructure,10
Inner_Hebrides,1
Insect,0
Insulin,2
Integrated_circuit,10
Intel_Corporation,10
Intelligence,6
InterBase,10
International_Court_of_Justice,6
International_English,6
International_Red_Cross_and_Red_Crescent_Movement,8
International_Space_Station,4
International_human_rights_instruments,6
International_law,6
Internet,10
Internet_Explorer,10
Interpol,14
Introduction_to_special_relativity,11
Invasion,8
Invasion_of_Grenada,8
Invasive_species,9
Invertebrate,12
Investment_banking,10
Iodine,13
Iowa_class_battleship,4
Ipswich,5
Iran,14
Iranian_peoples,1
Iraq,14
Iraq_War,8
Iraq_and_weapons_of_mass_destruction,8
Ireland,5
Ireland_King_of_Arms,3
Iridium,13
Irish_Sea,9
Irish_people,14
Irish_poetry,3
Irish_theatre,3
Iron,13
Iron%28III%29_chloride,13
Iron_Age,1
Iron_Maiden,7
Iron_Mike,8
Irrigation,9
Isaac,1
Isaac_Asimov,7
Isaac_Brock,8
Isaac_Newton,3
Isambard_Kingdom_Brunel,4
Isan,14
Ishango_bone,6
Isis,1
Islam,1
Islamic_republic,14
Island_Fox,0
Isle_of_Man,14
Isle_of_Wight,5
Isles_of_Scilly,9
Isospin,11
Israel,14
Issyk_Kul,9
Istanbul,5
Italian_Renaissance,3
Italian_War_of_1521,3
Italo_disco,7
Italy,14
Ivan_IV_of_Russia,3
Ivory,0
Ivory-billed_Woodpecker,0
J%C3%B3rv%C3%ADk,1
J%C3%B3zef_Pi%C5%82sudski,8
J._J._Thomson,11
J._K._Rowling,7
J._M._W._Turner,3
J._R._R._Tolkien,7
J._S._Fry_%26_Sons,2
Jack_Kerouac,7
Jackal,12
Jackanory,7
Jackdaw,12
Jackie_Robinson,15
Jacob_Riis,8
Jacobite_rising,3
Jacques-Louis_David,3
Jacques_Cartier,3
Jakarta,5
Jake_Gyllenhaal,7
Jamaica,14
James_Bond,7
James_Buchanan,8
James_Callaghan,8
James_Clerk_Maxwell,11
James_Cook,3
James_D._Watson,8
James_Garfield,8
James_II_of_England,3
James_I_of_England,3
James_Joyce,7
James_K._Polk,8
James_Lovelock,11
James_Monroe,8
James_Stewart_%28actor%29,7
James_T._Aubrey%2C_Jr.,7
James_Watt,3
Jan_Mayen,9
Jane_Austen,3
Jane_Eyre,7
Jane_Fonda,7
Japan,14
Japanese_grammar,6
Japanese_war_crimes,8
Japanese_yen,10
Jarvis_Island,9
Jaws_%28film%29,7
Jazz,15
Jean-Jacques_Rousseau,3
Jean_Charles_de_Menezes,8
Jehovah,6
Jerry_Fodor,6
Jersey,14
Jersey_Zoological_Park,0
Jerusalem,5
Jesse_Owens,15
Jesus,1
Jet_Set_Willy,10
Jet_engine,4
Jew,1
Jewellery,1
Jiaogulan,12
Jimmy_Carter,8
Jimmy_Wales,10
Joan_of_Arc,3
Jocelin,3
Joel_Brand,8
Johann_Pachelbel,3
Johann_Sebastian_Bach,3
Johann_Wolfgang_Goethe,3
Johannes_Gutenberg,1
Johannes_Kepler,11
Johannes_Ockeghem,3
Johannesburg,5
John_A.T._Robinson,6
John_Adams,8
John_Bull_%28locomotive%29,4
John_Cabot,3
John_Calvin,3
John_Constable,3
John_Dee,3
John_F._Kennedy,8
John_F._Kennedy_assassination,8
John_Flamsteed,11
John_Henninger_Reagan,8
John_Howard,8
John_Locke,6
John_Logie_Baird,4
John_Marshall,8
John_Maynard_Keynes,6
John_McEnroe,15
John_Millington_Synge,3
John_Milton,3
John_Pershing,8
John_Seigenthaler%2C_Sr.,8
John_Sentamu,3
John_Tyler,8
John_Vanbrugh,3
John_W._Campbell,8
John_W._Johnston,8
John_of_England,3
John_von_Neumann,6
Johnny_Appleseed,3
Johnston_Atoll,9
Jomsvikings,1
Jonah_Lomu,15
Jonathan_Wild,3
Jordan,14
Jordan_River,9
Jordanhill_railway_station,5
Jorge_Luis_Borges,7
Joseph_Haydn,3
Joseph_Stalin,8
Joseph_and_the_Amazing_Technicolor_Dreamcoat,7
Josephus,1
Juan_Sebasti%C3%A1n_Elcano,3
Judaism,1
Juice,2
Julius_Caesar,1
Julius_and_Ethel_Rosenberg,8
July_2006_Java_earthquake,9
Jump_rope,15
Juniper_berry,2
Jupiter,11
Jupiter_%28mythology%29,1
Jurassic,9
Juvenile_delinquency,6
Jyllands-Posten_Muhammad_cartoons_controversy,8
K%C4%ABlauea,9
Kaffir_lime,12
Kakapo,0
Kakariki,12
Kangaroo,0
Kansas_City%2C_Missouri,5
Karachi,5
Kargil_War,8
Karikkoselk%C3%A4,9
Karl_Benz,4
Karl_Marx,6
Karl_Popper,6
Kashmir_region,14
Katana,1
Katyn_massacre,8
Kazakhstan,14
Keira_Knightley,7
Kenya,14
Kerala,14
Kestrel,12
Keurusselk%C3%A4,9
Kevin_Spacey,7
Khan_Wali_Khan,8
Khartoum,5
Khazars,1
Khudai_Khidmatgar,8
Kidnapped_%28novel%29,7
Kiev,5
Kigali,5
Kigo,9
King_Arthur,1
King_Kong_%281933_film%29,7
King_Kong_%282005_film%29,7
Kingman_Reef,9
Kipchaks_in_Georgia,1
Kiribati,14
Kite_%28bird%29,12
Kitsch,6
Klinefelter%27s_syndrome,2
Knights_of_Columbus,8
Kochi_%28India%29,5
Kofi_Annan,8
Kohlberg%27s_stages_of_moral_development,6
Kolkata,5
Konrad_Lorenz,6
Kookaburra,12
Korea,1
Koryaksky,9
Kosovo,14
Krag-J%C3%B8rgensen,4
Krakatoa,9
Krazy_Kat,7
Krill,0
Krypton,13
Ku_Klux_Klan,8
Kuala_Lumpur,5
Kubla_Khan,1
Kuiper_belt,11
Kurt_Cobain,7
Kuru_%28disease%29,2
Kuwait,14
Kuwait_City,14
Kylie_Minogue,7
Kyoto_Protocol,8
Kyrgyzstan,14
L._S._Lowry,7
LANSA_Cuzco_Crash,4
La_Grande_Arm%C3%A9e,3
La_Paz,9
Labor_Day_Hurricane_of_1935,4
Ladysmith_Black_Mambazo,7
Lagos,14
Laika,8
Lake_Albert,9
Lake_Baikal,9
Lake_Burley_Griffin,9
Lake_Chad,9
Lake_District,9
Lake_Edward,9
Lake_Kariba,9
Lake_Kivu,9
Lake_Malawi,9
Lake_Mead,9
Lake_Powell,9
Lake_Superior,9
Lake_Tahoe,9
Lake_Tanganyika,9
Lake_Titicaca,9
Lake_Toba,9
Lake_Turkana,9
Lake_Victoria,9
Lake_Vostok,9
Lance_Armstrong,15
Lancia_Flaminia,4
Land_%28economics%29,6
Landform,9
Landscape,9
Language,6
Lanthanum,13
Laos,14
Laozi,1
Las_Palmas_de_Gran_Canaria,5
Las_Vegas%2C_Nevada,5
Last_Supper,1
Latin,1
Latin_America,14
Latin_alphabet,14
Latvia,14
Laurence_Olivier,7
Laurent_Fignon,15
Lavender,2
Law,6
Lawn,2
Lawrencium,13
Laws_in_Wales_Acts_1535%E2%80%931542,3
Layla,7
Lead,13
Lead%28II%29_nitrate,13
League_of_Nations,8
Leaning_Tower_of_Pisa,4
Lebanon,14
Leeds,5
Lego,10
Leicester,5
Leif_Ericson,9
Leisure,6
Lemon,2
Lemon_balm,12
Lemon_myrtle,2
Lens_%28anatomy%29,2
Leo_%28constellation%29,11
Leo_Tolstoy,3
Leon_Trotsky,8
Leonardo_da_Vinci,3
Leonhard_Euler,3
Lerwick,9
Lesotho,14
Lesothosaurus,12
Lettuce,2
Levee_failures_in_Greater_New_Orleans%2C_2005,4
Lhasa,5
Liberal_Democrats,8
Liberal_democracy,6
Liberalism,6
Liberia,14
Libertarianism,6
Library,1
Library_of_Alexandria,1
Library_of_Congress,8
Libreville,5
Libya,14
Liechtenstein,14
Life,6
Light,11
Lighthouse_of_Alexandria,1
Lighting_designer,10
Lightning_rod,4
Lille,5
Lilongwe,5
Lima,5
Limerick,5
Lincoln_%28automobile%29,4
Lincoln_Town_Car,4
Lindisfarne_Gospels,1
Linear_algebra,6
Linguistics,6
Link_%28The_Legend_of_Zelda%29,7
Linnet,12
Linus_Pauling,8
Linus_Torvalds,10
Linux,10
Lion,0
Lipid,2
Liquid_crystal,11
Lisbon,5
List_of_African_countries,14
List_of_Archbishops_of_Canterbury,3
List_of_Asian_countries,2
List_of_Canadian_provinces_and_territories_by_area,9
List_of_European_Union_member_states_by_accession,14
List_of_European_countries,2
List_of_French_monarchs,3
List_of_North_American_countries,9
List_of_Oceanian_countries,12
List_of_Prime_Ministers_of_the_United_Kingdom,3
List_of_South_American_countries,12
List_of_Test_cricket_triple_centuries,15
List_of_U.S._states_by_date_of_statehood,9
List_of_animal_welfare_groups,9
List_of_areas_in_the_National_Park_System_of_the_United_States,8
List_of_circulating_currencies,14
List_of_countries,14
List_of_countries_by_system_of_government,14
List_of_elements_by_name,13
List_of_essential_oils,2
List_of_lakes,9
List_of_members_of_the_Commonwealth_of_Nations_by_date_joined,9
List_of_minerals,13
List_of_monarchs_in_the_British_Isles,3
List_of_particles,11
List_of_popes,3
List_of_rivers_by_length,9
List_of_sovereign_states,14
List_of_universities_in_the_United_Kingdom,9
List_of_vegetable_oils,2
List_of_world%27s_largest_lakes,9
Literacy,6
Literature,6
Lithium,13
Lithium_aluminium_hydride,13
Lithuania,14
Little_Women,7
Liverpool,5
Liverpool_F.C.,15
Liverpool_and_Manchester_Railway,4
Llandudno,5
Llywelyn_the_Great,3
Local_community,6
Local_government_in_the_United_Kingdom,5
Loch,9
Loch_Ness,9
Logba_language,14
Logic,6
Logistics,10
Lom%C3%A9,14
London,5
London_Bridge,3
London_Underground,4
London_Zoo,0
London_sewerage_system,9
Lone_Wolf_%28gamebooks%29,7
Long-billed_Vulture,12
Long-tailed_Tit,12
Long_pepper,12
Longship,1
Looney_Tunes,7
Lope_de_Barrientos,3
Lord%27s_Resistance_Army,8
Lord_Voldemort,7
Los_Angeles%2C_California,5
Lost_%28TV_series%29,7
Lothal,1
Lottie_Dod,15
Louis_Armstrong,7
Louis_Freeh,8
Louis_Jordan,7
Louis_Pasteur,2
Louis_XIV_of_France,3
Louisville%2C_Kentucky,5
Lovage,12
Love,6
Lucy%2C_Lady_Duff-Gordon,7
Ludwig_Wittgenstein,3
Ludwig_van_Beethoven,3
Luftwaffe,8
Luminiferous_aether,11
Lunar_eclipse,11
Lung_cancer,2
Lusaka,5
Lutetium,13
Luxembourg,14
Luxembourg_%28city%29,5
Lyme_disease,2
Lyndon_B._Johnson,8
Lynton_and_Barnstaple_Railway,4
Lyon,5
M%2AA%2AS%2AH_%28TV_series%29,7
M-10001,4
M-10003-6,4
M1_motorway,4
M25_motorway,4
M6_motorway,4
MINI_%28BMW%29,4
Macau,14
Macbeth,3
Macbeth_of_Scotland,1
Macedon,1
Machu_Picchu,9
Macintosh,10
Mackenzie_River,9
Madagascar,14
Madama_Butterfly,7
Madrid,5
Magdalena_Abakanowicz,6
Magellanic_Penguin,12
Maghreb,1
Magic__The_Gathering,15
Maglev_train,4
Magma,13
Magna_Carta,3
Magnesium,13
Magnet,11
Magnetism,11
Magpie,12
Mahabharata,1
Mahatma_Gandhi,8
Mahjong,15
Mahmoud_Abbas,8
Maiasaura,12
Maize,2
Makuria,1
Malaria,2
Malaspina_Glacier,9
Malawi,14
Malaysia,14
Malcolm_III_of_Scotland,1
Malcolm_II_of_Scotland,1
Malcolm_X,8
Maldives,14
Mali,14
Mallard,12
Malta,14
Malwa_%28Madhya_Pradesh%29,1
Mamenchisaurus,0
Mammal,0
Mammoth,0
Mammoth_Cave_National_Park,9
Mancala,15
Manchester,5
Manchester_United_F.C.,15
Mandan,8
Manganese,13
Mango,2
Manifest_Destiny,8
Manifold,6
Manila,5
Manorialism,1
Manuel_I_Komnenos,1
Manufacturing,6
Mao_Zedong,8
Map_projection,11
Maputo,5
Marc_Pugh,15
Marcel_Lefebvre,3
Marcel_Proust,3
Marco_Polo,1
Marcus_Allen,15
Margaret_Sanger,8
Margaret_Thatcher,8
Margate,4
Margin_of_error,10
Marginated_Tortoise,0
Marie_Curie,8
Mario,7
Marjoram,2
Mark_Antony,1
Mark_Twain,8
Mark_Twain_House,4
Mark_Webber,15
Market,6
Markup_language,10
Mars,11
Mars_Exploration_Rover,11
Mars_Reconnaissance_Orbiter,11
Marseille,5
Marshall_Islands,14
Marshall_Plan,8
Martello_tower,4
Martin_Luther,3
Martin_Luther_King%2C_Jr.,8
Martin_Van_Buren,8
Martina_Navratilova,15
Martinique,14
Marvin_Gaye,7
Marxism,6
Mary_II_of_England,3
Mary_I_of_England,3
Mary_I_of_Scotland,3
Mary_Kingsley,8
Mary_Seacole,3
Mary_Somerville,3
Maseru,14
Mass_Rapid_Transit_%28Singapore%29,4
Mass_media,10
Massospondylus,12
Material_properties_of_diamond,13
Mathematical_analysis,6
Mathematics,6
Matilda_of_Boulogne,3
Matrix_%28mathematics%29,6
Matsuo_Bash%C5%8D,7
Matter,11
Matthew_Brettingham,3
Mauna_Loa,9
Mauritania,14
Mauritius,14
Mausoleum_of_Maussollos,1
Mauthausen-Gusen_concentration_camp,8
Max_Planck,11
Max_Weber,6
Maxwell%27s_equations,11
Maya_civilization,1
Maya_mythology,1
Mayotte,14
Mbabane,14
McFly_%28band%29,7
Meander,9
Measles,2
Measurement,6
Meat,2
Mecca,1
Mechanical_work,11
Medal_of_Honor,8
Medicine,6
Medieval_commune,1
Medieval_literature,3
Medieval_music,1
Mediterranean_Sea,9
Mega_Man_X_%28character%29,7
Meitnerium,13
Mekong,9
Melbourne,5
Mendelevium,13
Mendip_Hills,9
Meningitis,2
Menstrual_cycle,2
Mentha,2
Menthol,13
Mercantilism,6
Mercia,1
Mercury_%28element%29,13
Mercury_%28planet%29,11
Merrimack_River,9
Merseburg_Incantations,1
Mesopotamia,1
Mestizo,14
Metal,13
Metallurgy,13
Metamorphic_rock,9
Meteor,11
Meteor_shower,11
Meteorological_history_of_Hurricane_Katrina,4
Meteorology,11
Metric_expansion_of_space,11
Mexico,14
Mexico_City,5
Miami%2C_Florida,5
Michael_Faraday,11
Michael_Jordan,15
Michael_Ramsey,3
Michael_Woodruff,2
Michelangelo,3
Michigan_State_University,5
Mickey_Mantle,15
Microraptor,0
Microscope,11
Microsoft,10
Microsoft_Windows,10
Middle_Ages,1
Middle_East,14
Midway_Atoll,9
Miguel_de_Cervantes,3
Mikhail_Gorbachev,8
Milan,5
Miles_Davis,7
Milgram_experiment,7
Military_dictatorship,14
Military_history_of_Canada,8
Military_history_of_France,3
Military_history_of_Puerto_Rico,8
Military_history_of_the_Soviet_Union,8
Milk,2
Milk_thistle,12
Milkshake,2
Milky_Way,11
Millard_Fillmore,8
Milton_Keynes,5
Mind,6
Mineral,13
Ming_Dynasty,1
Mini,4
Minimum_wage,6
Mining,9
Minmi_%28dinosaur%29,0
Minneapolis%2C_Minnesota,5
Minnesota,5
Minoan_civilization,1
Minstrel_show,7
Miocene,0
Mir,4
Mirabilis_%28plant%29,12
Miranda_Otto,7
Mississippi_River,4
Missouri_River,9
Mistle_Thrush,12
Mitochondrial_Eve,0
Mitochondrion,2
Mixed-breed_dog,0
Mixtape,7
Modern_history,8
Modernist_poetry_in_English,7
Mogadishu,14
Mohs_scale_of_mineral_hardness,13
Moldova,14
Moldovans,14
Mole_%28animal%29,0
Molybdenum,13
Momentum,11
Mona_Lisa,7
Monaco,14
Monaco_Grand_Prix,15
Monarchies_in_the_European_Union,14
Monarchy,14
Monarda_didyma,12
Money,6
Mongol_Empire,1
Mongol_invasion_of_Central_Asia,1
Mongolia,14
Mongoose,0
Monkey,0
Monoclonius,0
Monopoly_%28game%29,15
Monrovia,14
Montenegro,14
Montevideo,5
Montreal,5
Montreal_Metro,4
Montserrat,14
Monty_Python,7
Moon,11
Moon_landing,8
Moore%27s_Law,10
Moorgate,5
Moorhen,12
Morecambe_Bay,9
Morecambe_and_Wise,7
Moringa_oleifera,2
Mormon,8
Mormon_Trail,8
Morocco,14
Morphine,2
Morris_dance,15
Mosaic,1
Moscow,5
Mosque,1
Moss,2
Mother_Teresa,8
Motion_%28physics%29,11
Mount_Baker,9
Mount_Everest,9
Mount_Kilimanjaro,9
Mount_Nyiragongo,9
Mount_Osmond%2C_South_Australia,5
Mount_Pinatubo,9
Mount_Rainier,9
Mount_Rushmore,8
Mount_St._Helens,9
Mount_Unzen,9
Mount_Vesuvius,9
Mountain_Gorilla,0
Mozambique,14
Mozilla_Firefox,10
Mu_Arae,11
Muhammad,1
Muhammad_Ali,15
Muhammad_Ali_Jinnah,8
Muhammad_Iqbal,8
Muhammad_ibn_Musa_al-Khwarizmi,1
Multiculturalism,6
Multiple_sclerosis,2
Multiple_sequence_alignment,10
Mumbai,5
Mummy,1
Munich,5
Murray_River,9
Muscat%2C_Oman,14
Music,6
Music_of_Albania,14
Music_of_Antigua_and_Barbuda,14
Music_of_Barbados,7
Music_of_Dominica,14
Music_of_Hawaii,15
Music_of_Hungary,1
Music_of_Ireland,15
Music_of_Italy,15
Music_of_Martinique_and_Guadeloupe,15
Music_of_New_Zealand,7
Music_of_Spain,15
Music_of_Thailand,14
Music_of_Trinidad_and_Tobago,7
Music_of_the_Bahamas,14
Music_of_the_Lesser_Antilles,14
Music_of_the_United_States,7
Music_of_the_trecento,3
Musical_instrument,6
Mustard_plant,12
Mustard_seed,2
Muttaburrasaurus,0
Myanmar,14
Myco-heterotrophy,12
Myers-Briggs_Type_Indicator,6
Myocardial_infarction,2
Mysticism,6
Mythology,1
Myxobolus_cerebralis,2
NATO,8
Nadia_Com%C4%83neci,15
Nagorno-Karabakh_War,8
Nahuatl_language,1
Nairobi,5
Naked_Mole_Rat,0
Names_of_God_in_Judaism,1
Namibia,14
Nanomedicine,13
Napoleon_I_of_France,3
Napoleonic_Wars,3
Napster,10
Nash_equilibrium,6
Nashville%2C_Tennessee,5
Natalie_Portman,7
Nathu_La,14
National_Anthem_of_Russia,8
National_Gallery%2C_London,3
National_Hockey_League,15
National_parks_of_England_and_Wales,9
Nationalism,6
Nationality,14
Natural_disaster,9
Natural_gas,4
Natural_selection,6
Nature,6
Nauru,14
Naval_Battle_of_Guadalcanal,4
Navassa_Island,9
Nazi_Germany,8
Nazism,8
Necktie,15
Negros_Oriental,14
Neighbours,7
Neil_Armstrong,8
Neil_Young,7
Nelson_Mandela,8
Nematode,0
Neoclassicism,3
Neodymium,13
Neon,13
Nepal,14
Nepenthes_rajah,0
Nephron,2
Neptune,11
Neptunium,13
Netball,15
Netherlands,14
Netherlands_Antilles,14
Neutron,11
New_Caledonia,14
New_Delhi,5
New_England_Patriots,15
New_Forest,9
New_York_City,5
New_York_City_Subway_nomenclature,4
New_Zealand,14
New_moon,11
Newark%2C_New_Jersey,5
Newcastle_upon_Tyne,5
Newmarket,5
Newshounds,7
Newspaper,10
Newsround,7
Niagara_Falls,9
Nicaragua,14
Niccol%C3%B2_Machiavelli,3
Niccol%C3%B2_Paganini,15
Niccol%C3%B2_dell%27Abbate,3
Nickel,13
Nicobar_Long-tailed_Macaque,0
Nicolaus_Copernicus,3
Niels_Bohr,11
Nigella,12
Niger,14
Niger_River,9
Nigeria,14
Nightingale,12
Nikola_Tesla,8
Nikolai_Rimsky-Korsakov,3
Nile,9
Nine_Million_Bicycles,7
Nineteen_Eighty-Four,8
Nintendo,10
Nintendo_DS,10
Nintendo_Entertainment_System,10
Niobium,13
Nirvana_%28band%29,7
Nitrification,13
Nitrogen,13
Nitrogen_cycle,2
Nitrogen_fixation,13
Niue,14
Noam_Chomsky,6
Nobel_Peace_Prize,8
Nobelium,13
Nobiin_language,6
Norfolk,5
Norfolk_Island,14
Norman_Borlaug,8
Norman_conquest_of_England,3
Norse_mythology,1
North_Africa,14
North_America,9
North_Atlantic_oscillation,9
North_Korea,8
North_Sea,9
North_Sea_flood_of_1953,9
North_Sea_oil,9
Northern_Ireland,14
Northern_Mariana_Islands,14
Northern_Pacific_Railway,4
Northwest_Africa,12
Norway,14
Norwich,5
Nostradamus,3
Nottingham,5
Nouakchott,14
Novel,3
Novelty_%28locomotive%29,4
Nuclear_fission,11
Nuclear_power,4
Nuclear_weapon,8
Number,6
Numismatics,6
Nurse_sharks,0
Nuthatch,12
Nutmeg,2
Nutrition,2
Oasis_%28band%29,7
Oat,2
Obi-Wan_Kenobi,7
Ocean,9
Oceania,14
Oceanography,9
Odin,1
Odysseus,1
Odyssey,1
Oenothera,2
Ohm,13
Oil_painting,2
Oil_refinery,13
Oil_reservoir,9
Okapi,0
Olaudah_Equiano,3
Old_English_language,1
Old_Nubian_language,1
Old_Swiss_Confederacy,1
Oleg_of_Novgorod,1
Oligarchy,6
Oligocene,9
Olive_oil,2
Oliver_Cromwell,3
Oliver_Twist,7
Ollanta_Humala,8
Olmec,1
Olympic_Games,15
Oman,14
Omega-3_fatty_acid,2
One_Flew_Over_the_Cuckoo%27s_Nest_%28novel%29,7
One_Foot_in_the_Grave,7
Onion,2
Onion_dome,1
OpenBSD,10
OpenOffice.org,10
Open_cluster,11
Open_source,10
Opera,3
Oppression,6
Optical_fiber,4
Optical_microscope,11
Optical_telescope,11
Opuntia_imbricata,2
Opus_Dei,6
Orbit_%28anatomy%29,12
Orca,0
Order_of_Canada,7
Order_of_St._Patrick,3
Order_of_the_Bath,3
Order_of_the_Garter,3
Order_of_the_Thistle,3
Ordinal_number,6
Ordinary_differential_equation,6
Ordination_of_women,1
Ordovician,9
Oregano,2
Oregon,5
Organism,6
Organization,6
Orion_Nebula,11
Orkney,3
Ormulum,3
Ornithischia,0
Oroonoko,3
Osaka,5
Osama_bin_Laden,8
Osiris,1
Oslo,5
Osmium,13
Osprey,12
Osteomalacia,2
Ostrich,0
Oswald_of_Northumbria,1
Ottawa,5
Otter,0
Otto_von_Bismarck,3
Ottoman_Empire,1
Ouagadougou,5
Outer_Hebrides,14
Overseas_Railroad,4
Oviraptor,0
Owl,0
Oxbow_lake,9
Oxford,5
Oxygen,13
Oxyrhynchus,1
Ozone,13
Ozone_depletion,9
P%C3%B3voa_de_Varzim,5
PONG,10
PRR_GG1,4
PRR_M1,4
PSR_B1620-26c,11
Pablo_Picasso,3
Pac-Man,10
Pachycephalosaurus,0
Pacific_Ocean,14
Painting,6
Pakistan,14
Palace_of_Westminster,3
Palau,14
Palazzo_Pitti,3
Paleocene,0
Paleontology,0
Palestinian_territories,14
Pali_Canon,1
Palio_di_Siena,15
Palladian_architecture,3
Palladium,13
Palm_oil,2
Palmyra_Atoll,4
Pan_Am_Flight_103,8
Panama,14
Panama_Canal,9
Pandanus,2
Papal_conclave,3
Paprika,2
Papua_New_Guinea,14
Paraguay,14
Parasaurolophus,0
Paricut%C3%ADn,9
Paris,5
Park,9
Parliament_of_Canada,3
Parliament_of_Malaysia,14
Parliament_of_the_United_Kingdom,3
Parliamentary_system,14
Parrot,0
Parsley,2
Parsnip,2
Parthenon,1
Pashtun_people,1
Passenger_Pigeon,12
Pat_Cash,15
Patna,5
Paul_C%C3%A9zanne,3
Paul_Dirac,11
Paul_Kane,3
Paul_McCartney,7
Paul_of_Tarsus,1
Pea,2
Peace,6
Peaceful_coexistence,6
Peafowl,0
Peak_District,5
Peanut,2
Pearl,2
Pedagogy,6
Pedro_del_Valle,8
Pel%C3%A9,15
Pelagic_zone,9
Pellagra,2
Pelycosaur,0
Penda_of_Mercia,1
Penguin,0
Pennine_Way,9
Pennsylvania_Railroad,4
Pentateuch,1
People%27s_Republic_of_China,14
Pere_Marquette_1225,4
Peregrine_Falcon,0
Perfect_number,6
Pericles,1
Periodic_table,13
Periodic_table_%28large_version%29,13
Perl,10
Permian,9
Pernicious_anemia,2
Persian_Empire,1
Persian_Gulf,9
Persian_literature,1
Perth%2C_Western_Australia,5
Peru,14
Pete_Sampras,15
Peter_Grimes,7
Peter_I_of_Russia,3
Peter_Paul_Rubens,3
Peterborough_Chronicle,3
Petroleum,9
Phase_%28matter%29,11
Pheidippides,1
Phenylketonuria,2
Philadelphia,5
Philately,6
Philip_II_of_Spain,3
Philippines,14
Philosophiae_Naturalis_Principia_Mathematica,11
Philosophy,6
Philosophy_of_mind,6
Phineas_Gage,4
Phishing,10
Phla-Pher%C3%A1_languages,14
Phoenix_%28spacecraft%29,11
Phoenix_Zoo,0
Phonograph_cylinder,15
Phosphorus,13
Phosphorus_tribromide,13
Phosphorus_trichloride,13
Phosphoryl_chloride,13
Photography,6
Photon,11
Photosynthesis,2
Photosynthetic_reaction_centre,11
Photovoltaic_array,11
Physical_paradox,11
Physical_science,11
Physics,11
Pi,6
Piano,15
Piccadilly_Circus,5
Picts,1
Pied_Avocet,12
Pig,0
Pigeon,12
Pigment,13
Pikachu,7
Pink_Pigeon,12
Pinworm,2
Pitcairn_Islands,14
Plains_Zebra,12
Planet,11
Planetary_habitability,11
Planetary_nebula,11
Plant,2
Plant_cell,2
Plasma_%28physics%29,11
Plate_tectonics,9
Plateosaurus,0
Platinum,13
Plato,1
Platypus,0
Playing_card,15
Pleiades_%28star_cluster%29,11
Plesiosaur,0
Pliocene,0
Plover,12
Plum,2
Pluto,11
Plutonium,13
Plymouth,5
Pneumonia,2
Pochard,12
Podcasting,10
Poetry,6
Poetry_of_the_United_States,6
Poison_gas_in_World_War_I,8
Pok%C3%A9mon_Trading_Card_Game,15
Poland,14
Polar_coordinate_system,11
Polar_ice_cap,9
Police,14
Police_state,6
Polish%E2%80%93Muscovite_War_%281605%E2%80%931618%29,3
Polish-Lithuanian_Commonwealth,3
Polish-Muscovite_War_%281605%E2%80%931618%29,3
Polish-Soviet_War,8
Political_economy,6
Political_integration_of_India,8
Political_philosophy,6
Political_science,6
Politics,6
Politics_of_the_United_Kingdom,3
Pollinator,2
Pollinator_decline,2
Pollution,9
Polonium,13
Polymerase_chain_reaction,2
Pompeii,1
Pond,9
Pontiac%27s_Rebellion,8
Pony,0
Poor_Law,3
Pop_Idol,7
Pope,1
Pope_Benedict_XVI,8
Pope_John_Paul_II,8
Pope_Pius_XII,8
Popular_culture,6
Popular_culture_studies,6
Population_history_of_American_indigenous_peoples,1
Porgy_and_Bess,7
Port_Louis,5
Porto-Novo,14
Portsmouth,5
Portugal,14
Portuguese_Communist_Party,8
Portuguese_language,14
Post-glacial_rebound,9
Postage_stamp,10
Postman_Pat,7
Potassium,13
Potassium_iodide,13
Potassium_nitrate,13
Potato,2
Pottery,2
Poultry,12
Pound_sterling,3
Poverty,6
Prague,5
Praia,14
Praseodymium,13
Pre-Raphaelite_Brotherhood,3
Precambrian,9
Prehistoric_man,9
President_of_the_United_States,8
Pretoria,5
Pride_and_Prejudice,3
Prime_Minister_of_the_United_Kingdom,3
Prime_number,6
Primula,12
Princeton_University,5
Principality,14
Printmaking,2
Prion,2
Private_Peaceful,7
Privy_Council_of_the_United_Kingdom,3
Pro_Milone,1
Probability_theory,6
Programming_language,10
Project_MKULTRA,8
Project_Vanguard,11
Promethium,13
Propaganda,8
Property,6
Prospecting,9
Prostate_cancer,2
Protactinium,13
Protein,2
Protoceratops,0
Proton,11
Proxima_Centauri,11
Psittacosaurus,0
Psychology,6
Pterosaur,0
Ptolemy,1
Publishing,10
Puerto_Rico,14
Puffin,12
Pumpkin,2
Punctuated_equilibrium,0
Pupil,2
Pygmy_Hippopotamus,12
Pyongyang,5
Pyotr_Ilyich_Tchaikovsky,3
Pyramid,1
Pyrite,13
Pythagoras,1
Pythagorean_theorem,6
Python_%28programming_language%29,10
Qatar,14
Qin_Dynasty,1
Qin_Shi_Huang,1
Qing_Dynasty,1
Quantity,6
Quantum_chemistry,11
Quantum_computer,10
Quantum_mechanics,11
Quark,11
Quartz,13
Quatermass_and_the_Pit,7
Queen_%28band%29,7
Quetzalcoatl,1
Quito,5
Qur%27an,1
R%C3%A9union,14
RER,4
RMS_Titanic,4
ROT13,10
RSS_%28file_format%29,10
Rabat,14
Rabbit,2
Rabies,2
Rabindranath_Tagore,7
Race,6
Radar,10
Radhanite,1
Radio,11
Radio_frequency,11
Radio_telescope,11
Radish,2
Radium,13
Radon,13
Ragtime,15
Rail_transport,4
Rail_transport_in_India,4
Railway_post_office,4
Rain,9
Rainbow,11
Rainforest,9
Rainhill_Trials,4
Raising_the_Flag_on_Iwo_Jima,8
Ralph_Nader,8
Rama,1
Ramayana,1
Ramesses_II,1
Ramsgate,5
Ran_%28film%29,7
Raney_nickel,13
Raphael,3
Rapping,7
Raven,12
Ray_of_Light,7
Real_tennis,15
Rebecca_Helferich_Clarke,7
Recorder,15
Recycling,13
Red_Kite,0
Red_Panda,0
Red_Sea,9
Red_dwarf,11
Red_giant,11
Red_rain_in_Kerala,9
Redshift,11
Redwing,12
Redwood_National_and_State_Parks,9
Reed_Bunting,12
Reed_Warbler,12
Refining,2
Refrigerator_car,4
Regent%27s_Park,5
Reggae,7
Reggaeton,7
Religion,6
Religious_Society_of_Friends,3
Rembrandt,3
Ren%C3%A9_Descartes,6
Renaissance,3
Renaissance_music,3
Renminbi,14
Renormalization,11
Reptile,0
Republic_of_China,14
Republic_of_Ireland,14
Republic_of_Macedonia,14
Republic_of_the_Congo,14
Restoration_comedy,3
Restoration_literature,3
Retina,2
Retinol,2
Retreat_of_glaciers_since_1850,9
Revised_Standard_Version,3
Revolution,6
Reza_Shah,8
Rhenium,13
Rhine,9
Rhode_Island,5
Rhodium,13
Rhodium%28III%29_chloride,13
Rhubarb,2
Rhythm_and_blues,7
Rice,2
Richard_Feynman,8
Richard_Francis_Burton,3
Richard_III_%28play%29,7
Richard_III_of_England,3
Richard_II_of_England,3
Richard_I_of_England,3
Richard_Nixon,8
Richard_O%27Connor,8
Richard_Stallman,10
Richard_Wagner,3
Richmond%2C_Virginia,5
Riesling,2
Right_whale,0
Ringed_Plover,12
Rio_Tinto_Group,10
Rio_de_Janeiro,5
River,9
River_Severn,9
River_Thames,9
Riyadh,5
Roald_Amundsen,4
Roan_Antelope,12
Robert_Baden-Powell%2C_1st_Baron_Baden-Powell,3
Robert_Boyle,3
Robert_Gascoyne-Cecil%2C_3rd_Marquess_of_Salisbury,3
Robert_Oppenheimer,8
Robert_Owen,3
Robert_Peel,3
Robert_Schumann,3
Robert_Stephenson,4
Robinson_Crusoe,7
Roche_limit,11
Rock_Bunting,12
Rock_Pigeon,0
Rock_of_Gibraltar,9
Rockall,9
Rocky_Mountains,9
Rococo,3
Roentgenium,13
Roman_Britain,1
Roman_Catholic_Church,1
Roman_Empire,1
Roman_Greece,1
Roman_Vishniac,7
Roman_law,1
Roman_mythology,1
Roman_road,1
Roman_villa,1
Romania,14
Romanticism,3
Rome,5
Romeo_and_Juliet,7
Romulus_Augustus,1
Ronald_Reagan,8
Rondane_National_Park,9
Rook_%28bird%29,12
Rosa_Parks,8
Rose-ringed_Parakeet,0
Rosemary,2
Rosetta_Stone,1
Rotterdam,5
Rowan_Williams,3
Royal_Air_Force,4
Royal_Dutch_Shell,10
Royal_Geographical_Society,9
Royal_Grammar_School_Worcester,5
Royal_Marines,8
Royal_National_Theatre,7
Royal_Navy,3
Royal_Parks_of_London,9
Rubidium,13
Rubik%27s_Cube,10
Rudolf_Vrba,8
Rudyard_Kipling,8
Rugby_World_Cup,15
Rugby_football,15
Rule_of_St_Benedict,3
Rupee,1
Russia,14
Russian_Revolution_of_1917,8
Russian_constitutional_crisis_of_1993,8
Russian_language,14
Ruthenium,13
Rutherford_B._Hayes,8
Rutherfordium,13
Rwanda,14
Rwandan_Genocide,8
S%C3%A3o_Paulo,5
S%C3%A3o_Tom%C3%A9,14
S%C3%A3o_Tom%C3%A9_and_Pr%C3%ADncipe,14
S%C3%B8ren_Kierkegaard,6
S-mine,8
S._A._Andr%C3%A9e%27s_Arctic_balloon_expedition_of_1897,4
SD26,4
SR-71_Blackbird,4
Safflower,2
Saffron,2
Sahara,9
Saint-Pierre_and_Miquelon,14
Saint_Helena,14
Saint_Joan_%28play%29,7
Saint_Kitts_and_Nevis,14
Saint_Lawrence_Seaway,9
Saint_Lucia,14
Saint_Petersburg,5
Saint_Vincent_and_the_Grenadines,14
Sakurajima,9
Saladin,1
Salford,5
Salsa_music,15
Salt,13
Salt_Lake_City%2C_Utah,5
Saltasaurus,0
Salvador_Dal%C3%AD,7
Samantha_Smith,8
Samarium,13
Samoa,14
Samuel_Beckett,7
Samuel_Taylor_Coleridge,3
San_Diegan,4
San_Diego_Electric_Railway,4
San_Diego_and_Arizona_Railway,4
San_Francisco%2C_California,5
San_Francisco_garter_snake,0
San_Jose%2C_California,5
San_Marino,14
Sand,9
Sand_art_and_play,9
Sand_shark,12
Sandringham_House,3
Sandur,9
Sandy_Koufax,15
Sanskrit,6
Sanssouci,3
Santa_Claus,7
Santamar%C3%ADa_%28volcano%29,9
Santiago%2C_Chile,5
Santorini,1
Sarajevo,5
Sardar_Vallabhbhai_Patel,8
Sasha_%28DJ%29,7
Sassanid_Empire,1
Saturn,11
Saturn_V,4
Saudi_Arabia,14
Saurischia,12
Sauropodomorpha,0
Sauroposeidon,0
Sauropsid,0
Saxicola,12
Saxophone,15
Scandium,13
Scanian_%28linguistics%29,14
Scattered_disc,11
Scelidosaurus,12
Scent_of_a_Woman,7
Schatzki_ring,2
Scheme_programming_language,10
Schizophrenia,6
Schr%C3%B6dinger_equation,11
Schuttern_Gospels,3
Science,6
Scientific_classification,2
Scooby-Doo,7
Scotch_College%2C_Perth,15
Scotland,5
Scotland_in_the_High_Middle_Ages,1
Scots_language,3
Scott_Special,4
Scottish_Episcopal_Church,3
Scottish_Gaelic_language,3
Scottish_Highlands,9
Scottish_mythology,1
Scouting,8
Scramble_for_Africa,8
Screw,10
Scrooge_McDuck,7
Sculpture,6
Scurvy,2
Sea,9
Sea_level_rise,9
Sea_of_Galilee,9
Seaborgium,13
Sean_Connery,7
Sears_Catalog_Home,4
Season,11
Seattle%2C_Washington,5
Seawater,9
Second_Boer_War,8
Second_Congo_War,14
Second_Crusade,1
Seed,2
Seinfeld,7
Selena,7
Selenium,13
Semiconductor,11
Semiconductor_device,10
Senate_of_Canada,6
Senegal,14
Senufo_languages,14
Seoul,5
Separation_of_powers_under_the_United_States_Constitution,8
September_11%2C_2001_attacks,8
Sequence_alignment,10
Sequoia,0
Serbia,14
Serbia_and_Montenegro,14
Serenity_%28film%29,7
Sermon_on_the_Mount,6
Sesame,2
Sesame_Street,7
Set,6
Severn_crossing,9
Seychelles,14
Sgt._Pepper%27s_Lonely_Hearts_Club_Band,7
Shabo_language,14
Shackleton_%28crater%29,11
Shaka,1
Shanghai,5
Shark,0
Sharon_Tate,7
Sheffield,5
Sheikh_Mujibur_Rahman,8
Shelduck,12
Shenzhou_6,4
Shenzhou_spacecraft,4
Shetland,5
Shielded_metal_arc_welding,13
Shigin,6
Shining_Path,8
Shinto,1
Ship,4
Shoe_polish,2
Short-beaked_Echidna,0
Shoshone_National_Forest,9
Shrimp_farm,2
Shrine_of_Remembrance,8
Shroud_of_Turin,3
Sichuan_Pepper,2
Sicilian_Baroque,3
Sickle-cell_disease,2
Siege,1
Siege_of_Antioch,1
Sierra_Leone,14
Sigmund_Freud,6
Sikhism,1
Sikkim,14
Silent_film,7
Silicon,13
Silurian,9
Silver,13
Sim%C3%B3n_Bol%C3%ADvar,8
SimCity,10
Simca_Vedette,4
Sinclair_Research_Ltd,10
Singapore,5
Sino-German_cooperation_%281911-1941%29,8
Sino-Roman_relations,1
Sirius,11
Sistine_Chapel_ceiling,3
Sitting_Bull,8
Six-party_talks_concerning_North_Korea%27s_nuclear_program,8
Sk%C3%A5neland,1
Ska,7
Skiing,15
Skylark,12
Slavery,1
Slavic_mythology,1
Sleep,6
Slovakia,14
Slovenia,14
Smallpox,2
Smog,9
Snaefell_Mountain_Railway,4
Snake_charming,0
Snow,9
Snow_Goose,12
Snowball_Earth,9
Snowdonia,9
Snowdonia_National_Park,9
Snowy_Owl,12
Social_anxiety,6
Social_capital,6
Social_contract_%28Malaysia%29,14
Socialism,6
Society,6
Society_of_Merchant_Venturers,5
Sociocultural_evolution,6
Sociology,6
Socrates,1
Soddo_language,6
Sodium,13
Sodium_hydroxide,13
Sodium_sulfate,13
Soil,9
Soil_moisture,9
Soil_pH,2
Soil_profile,9
Soil_salination,9
Soil_science,9
Soil_structure,9
Soils_retrogression_and_degradation,9
Solar_System,11
Solar_eclipse,11
Solomon_Islands,14
Somalia,14
Song_Thrush,12
Sonic_the_Hedgehog_%28character%29,7
Sony,10
Sorghum,2
Sorrel,2
Soukous,15
Sound,11
Soup,2
South_Africa,14
South_America,14
South_China_Sea,9
South_Georgia_and_the_South_Sandwich_Islands,9
South_Korea,14
South_Ossetia,14
Southampton,5
Southern_Africa,14
Southern_Ocean,9
Southern_Pacific_4449,4
Southern_Rockhopper_Penguin,12
Southern_United_States,8
Soviet_Union,8
Soybean,2
Space_Invaders,10
Space_Race,8
Space_Shuttle_Challenger,4
Space_Shuttle_Challenger_disaster,4
Space_Shuttle_Columbia,4
Space_Shuttle_Columbia_disaster,4
Space_Shuttle_Endeavour,4
Space_Shuttle_program,4
Space_exploration,11
Space_station,11
Space_suit,4
Spacecraft_propulsion,11
Spain,14
Spanish_Armada,3
Spanish_Inquisition,3
Spanish_conquest_of_the_Inca_Empire,1
Spanish_language,14
Sparrow,12
Sparrowhawk,12
Speaker_of_the_British_House_of_Commons,3
Speaker_of_the_United_States_House_of_Representatives,8
Special_relativity,11
Speech_synthesis,10
Speed_of_light,11
Sperm_Whale,0
Sphere,11
Spherical_aberration,11
Spider,0
Spinosaurus,0
Spirit_of_the_American_Doughboy,4
Spix%27s_Macaw,12
Split_infinitive,6
Sponsorship_Directdebit,10
Sport,15
Spotted_Flycatcher,12
Spring_%28season%29,9
Spring_Heeled_Jack,3
Sputnik_1,11
Sputnik_2,11
Sputnik_program,11
Spyware,10
Squash_%28sport%29,15
Sri_Lanka,14
Sri_Lankan_Civil_War,8
St_Buryan,3
St_Michael%27s_Mount,3
St_Paul%27s_Cathedral,3
Stag_beetle,12
Stage_%28theatre%29,15
Stained_glass,3
Stanis%C5%82aw_Koniecpolski,3
Stanis%C5%82aw_Lem,7
Stanley%2C_Falkland_Islands,14
Stanley_Baldwin,8
Star,11
StarCraft,10
Star_Fox__Assault,7
Star_Trek,7
Star_Trek__Deep_Space_Nine,7
Star_Trek__The_Original_Series,7
Star_Wars,7
Star_Wars_Episode_IV__A_New_Hope,7
Star_anise,2
Stargate_SG-1,7
Starling,12
Starship_Troopers,8
Statistics,6
Statue_of_Zeus_at_Olympia,1
Steam_engine,4
Steel,13
Stefan_Edberg,15
Stegosaurus,0
Stem_cell,2
Stephen_Harper,8
Stephen_Hawking,11
Stephen_Jay_Gould,6
Stephen_Trigg,8
Stephen_of_England,3
Steve_Davis,15
Stickleback,12
Still_Game,7
Stingray,0
Stock,10
Stock_car_%28rail%29,4
Stockholm,5
Stoicism,6
Stone_Age,0
Stonehenge,1
Storm_of_October_1804,4
Stornoway,5
Stourbridge_Lion,4
Strait_of_Malacca,9
Stratford-upon-Avon,5
String_theory,11
Stroke,2
Strontium,13
Struthiomimus,0
Stuttering,7
Stuttgart,5
Styracosaurus,0
Sub-Saharan_Africa,14
Suburbs_of_Johannesburg,5
Sucre,14
Sudan,14
Sudanic_languages,6
Sudoku,10
Suez_Canal,9
Suffrage,6
Sugar,2
Sugar_beet,2
Sugarcane,2
Suikinkutsu,9
Suleiman_the_Magnificent,1
Sulfur,13
Sulfuric_acid,13
Sultan,14
Sumac,2
Sumatra,14
Sumer,1
Summer,9
Summer_Hill%2C_New_South_Wales,5
Sumo,15
Sun,11
Sun_Tzu,1
Sun_Yat-sen,8
Sundew,2
Sunflower,2
Sunlight,2
Sunol_Water_Temple,9
Sunset_Boulevard_%281950_film%29,7
Super_14,15
Super_Bowl_XL,15
Super_Chief,4
Super_Mario_64,7
Super_Mario_Bros.,7
Superconductivity,13
Superman,7
Supermarine_Spitfire,4
Supply_and_demand,6
Supply_chain_management,10
Supreme_Court_of_the_United_States,8
Suriname,14
Surtsey,9
Sustainable_forestry,9
Sutton_Hoo,1
Svalbard,9
Svart%C3%A1lfar,1
Swallow,12
Swan,0
Swastika,8
Swaziland,14
Sweden,14
Swedish_allotment_system,3
Swift,12
Swiss_Federal_Council,6
Swissair_Flight_111,4
Switzerland,14
Sydney,5
Sydney_Newman,7
Sydney_Riot_of_1879,15
Sylvanus_Morley,1
Symmetry,6
Synthesizer,10
Syria,14
T-34,8
T._D._Judah,4
T._S._Eliot,7
TGV,4
Tacitean_studies,1
Tagoi_language,14
Taipei,5
Taiwan,14
Taj_Mahal,1
Tajikistan,14
Talc,13
Tamarind,2
Tamil_language,6
Tamil_people,1
Tank,4
Tansy,12
Tantalum,13
Tanzania,14
Tao_Te_Ching,1
Taoism,1
Tarragon,12
Tashkent,5
Tasmanian_Devil,0
Tawny_Owl,12
Tay-Sachs_disease,2
Tay_Rail_Bridge,4
TeX,10
Tea,2
Technetium,13
Technology,6
Tehran,5
Tel_Aviv,5
Telecommunication,10
Telephone,10
Telephone_exchange,10
Telescope,11
Television,10
Tellurium,13
Temperate,9
Temple_of_Artemis,1
Templon,1
Tennis,15
Tennis_Masters_Cup,15
Tenzin_Gyatso%2C_14th_Dalai_Lama,8
Tenzing_Norgay,1
Terbium,13
Terik,14
Tern,12
Terrorism,8
Textile,2
Thailand,14
Thalassemia,2
Thallium,13
The_Absent-Minded_Beggar,3
The_Adventures_of_Tintin,7
The_Anarchy,3
The_Ashes,15
The_Bahamas,14
The_Beano,7
The_Beatles,7
The_Beatles_discography,7
The_Blitz,8
The_Broads,9
The_Brothers_Karamazov,7
The_Canadian,4
The_Cantos,1
The_Cat_in_the_Hat,7
The_Catcher_in_the_Rye,7
The_Catlins,9
The_Championships%2C_Wimbledon,15
The_Children%27s_Machine,10
The_Count_of_Monte_Cristo,7
The_Country_Wife,3
The_Curious_Incident_of_the_Dog_in_the_Night-time,7
The_Dandy,7
The_Fairy-Queen,7
The_Famous_Five_%28characters%29,7
The_Fens,9
The_Frogs,1
The_Gambia,14
The_Godfather,7
The_Great_Exhibition,3
The_Hague,5
The_Hitchhiker%27s_Guide_to_the_Galaxy,7
The_Hobbit,7
The_Holocaust,8
The_Illuminatus%21_Trilogy,7
The_Importance_of_Being_Earnest,7
The_Iron_Bridge,4
The_King%27s_Regiment_%28Liverpool%29,8
The_Last_Supper_%28Leonardo%29,3
The_Legend_of_Zelda_series,7
The_Lion%2C_the_Witch_and_the_Wardrobe,7
The_Lion_King,7
The_Lorax,7
The_Lord_of_the_Rings,7
The_Lord_of_the_Rings_film_trilogy,7
The_Magic_Flute,7
The_Marriage_of_Figaro,3
The_Merchant_of_Venice,3
The_Mismeasure_of_Man,6
The_Old_Man_and_the_Sea,7
The_Origin_of_Species,6
The_Oz_books,7
The_Picture_of_Dorian_Gray,7
The_Pilgrim%27s_Progress,3
The_Quatermass_Experiment,7
The_Relapse,3
The_Rime_of_the_Ancient_Mariner,7
The_Rite_of_Spring,7
The_Rolling_Stones,7
The_Seagull,7
The_Shawshank_Redemption,7
The_Simpsons,7
The_Smiths,7
The_Supremes,7
The_Temptations,7
The_Wall_Street_Journal,10
The_Waste_Land,7
The_West_Wing_%28TV_series%29,7
The_X-Files,7
Theatre,7
Theatre_Royal%2C_Drury_Lane,3
Theatre_in_the_round,7
Theodore_Roosevelt,8
Therizinosaurus,0
Thermodynamic_temperature,11
Thermodynamics,11
Theropoda,0
Theta,11
Thiamine,13
Third_Servile_War,1
Thomas_Aquinas,6
Thomas_Becket,3
Thomas_Cranmer,3
Thomas_Edison,4
Thomas_Gainsborough,3
Thomas_Hobbes,3
Thomas_Jefferson,8
Thomas_Malthus,6
Thomas_More,3
Thomas_Pynchon,7
Thomas_Samuel_Kuhn,6
Thor,1
Thorax,0
Thorium,13
Thrasybulus,1
Three_Gorges_Dam,9
Three_Laws_of_Robotics,6
Three_Mile_Island_accident,4
Thrush_%28bird%29,12
Thucydides,1
Thulium,13
Thunderstorm,9
Tiananmen_Square_protests_of_1989,8
Tibet,14
Tide,11
Tiger,0
Tiger_Woods,15
Tiger_shark,0
Tigris,9
Tijuana,5
Tiktaalik,0
Tim_Berners-Lee,10
Tim_Henman,15
Timbuktu,1
Time,6
Time_zone,9
Timeline_of_discovery_of_solar_system_planets_and_their_natural_satellites,11
Timken_1111,4
Timur,1
Tin,13
Tin%28II%29_chloride,13
Tin_whistle,15
Tiridates_I_of_Armenia,1
Titanium,13
Titanosauridae,0
To_Kill_a_Mockingbird,7
Tobacco,2
Tobacco_smoking,2
Tofu,2
Togo,14
Tokelau,14
Tokyo,5
Toluene,13
Tom_and_Jerry_%28MGM%29,7
Tone_cluster,7
Tonga,14
Tony_Blair,8
Tooth_development,2
Tooth_enamel,2
Top_of_the_Pops,7
Topology,6
Toraja,14
Tornado,4
Toronto,5
Tottenham_Hotspur_F.C.,15
Tour_de_France,15
Tourette_syndrome,6
Tourism,5
Tower_Bridge,4
Tower_of_London,3
Toy,6
Toy_Story,7
Trabancos_River,9
Trade_and_usage_of_saffron,2
Trade_union,6
Trafalgar_Square,3
Train,4
Trans-Siberian_Railway,4
Transit_of_Venus,11
Transport,5
Trapdoor_spider,0
Treasure_Island,7
Treaty_of_Devol,1
Treaty_of_Versailles,8
Tree,2
Tree_Sparrow,12
Tree_frog,12
Treecreeper,12
Trench_warfare,8
Triassic,0
Triathlon,15
Tribe,6
Triceratops,0
Trichinosis,2
Triggerplant,2
Trigonometric_function,6
Trigonometry,6
Trimurti,1
Trinidad_and_Tobago,14
Trinity,6
Trinity_College%2C_Cambridge,3
Trinity_test,8
Tripitaka,6
Tripoli,14
Triumph_of_the_Will,7
Trobairitz,1
Trojan_War,1
Troodon,0
Troop_sleeper,4
Tropical_Storm_Allison,4
Tropical_Storm_Ana_%282003%29,4
Tropical_Storm_Bilis_%282006%29,4
Tropical_Storm_Bonnie_%282004%29,4
Tropical_Storm_Chris_%282006%29,4
Tropical_Storm_Danielle_%281992%29,4
Tropical_Storm_Delta_%282005%29,4
Tropical_Storm_Franklin_%282005%29,4
Tropical_Storm_Harvey_%282005%29,4
Tropical_Storm_Henri_%282003%29,4
Tropical_Storm_Isabel_%281985%29,4
Tropical_Storm_Larry_%282003%29,4
Tropical_Storm_Lee_%282005%29,4
Tropical_Storm_Leslie_%282000%29,4
Tropical_Storm_Matthew_%282004%29,4
Tropical_Storm_Odette_%282003%29,4
Tropical_Storm_Vamei,4
Tropical_Storm_Zeta_%282005%29,4
Tropical_cyclone,4
Tropics,9
Trout,0
Trumpet,15
Tsar_Bomba,8
Tsunami,9
Tuatara,0
Tuberculosis,2
Tufted_Duck,12
Tuna,12
Tungsten,13
Tunis,1
Tunisia,14
Tupac_Shakur,7
Turin,5
Turkey,14
Turkey_%28bird%29,12
Turkish_Republic_of_Northern_Cyprus,14
Turkish_literature,1
Turkmenistan,14
Turks_and_Caicos_Islands,14
Turmeric,2
Turner_syndrome,2
Turquoise,2
Turtle,0
Tutsi,14
Tuvalu,14
Tycho_Brahe,11
Typewriter,10
Typhoon_Ewiniar_%282006%29,4
Typhoon_Saomai_%282006%29,4
Tyrannosaurus,0
U.S._Navy_Marine_Mammal_Program,0
U.S._Open_%28tennis%29,15
U.S._Route_66,4
U.S._state,8
U2,7
USS_Wisconsin_%28BB-64%29,4
Ubuntu_%28Linux_distribution%29,10
Uffington_White_Horse,9
Uganda,14
Ukraine,14
Ukulele,15
Ulawun,9
Ultimatum_game,6
Ultraviolet,13
Uluru,9
Ulysses_S._Grant,8
Umbrella_Cockatoo,12
Underground_%28stories%29,7
Union_Flag,3
Union_Station_%28San_Diego%29,4
United_Arab_Emirates,14
United_Kingdom,5
United_Kingdom_national_football_team,15
United_Malays_National_Organisation,8
United_Nations,8
United_States,14
United_States_Bill_of_Rights,8
United_States_Congress,8
United_States_Constitution,8
United_States_Declaration_of_Independence,8
United_States_House_of_Representatives,8
United_States_Numbered_Highways,4
United_States_Senate,8
United_States_Virgin_Islands,14
United_States_dollar,8
United_for_Peace_and_Justice,8
Universe,11
University,6
University_of_Bristol,5
University_of_Cambridge,5
University_of_Chicago,8
University_of_Texas_at_Austin,5
Unix,10
Ununbium,13
Ununhexium,13
Ununoctium,13
Ununpentium,13
Ununquadium,13
Ununtrium,13
Upsilon_Andromedae,11
Upsilon_Andromedae_b,11
Upsilon_Andromedae_c,11
Upsilon_Andromedae_d,11
Uranium,13
Uranus,11
Urial,12
Ursuline_Convent_Riots,3
Uruguay,14
Utilitarianism,6
Utrecht_%28city%29,5
Uzbekistan,14
Vacutainer,2
Valpara%C3%ADso,5
Vampire,1
Vampire_bat,0
Van_Halen,7
Vanadium,13
Vancouver,5
Vanilla,2
Vanuatu,14
Varanasi,5
Vasco_da_Gama,1
Vatican_City,5
Vegetable,2
Vegetation,9
Velociraptor,0
Venezuela,14
Venn_diagram,6
Venus,11
Venus_and_Adonis_%28opera%29,3
Vernon_Kell,8
Vertebrate,0
Vestigial_structure,0
Vicia_faba,2
Victor_Hugo,3
Victoria%2C_Seychelles,5
Victoria_Cross,8
Victoria_of_the_United_Kingdom,3
Video,10
Vienna,5
Vietnam,14
Vietnam_War,8
Viking,1
Vinaya,1
Vincent_van_Gogh,3
Virgil,1
Virginian_Railway,4
Virtuti_Militari,8
Virus,2
Visual_arts,6
Vitamin,2
Vitamin_C,2
Vitamin_D,2
Vitus_Bering,9
Vivien_Leigh,7
Vladimir_Lenin,8
Vodafone,10
Volcanic_pipe,9
Volcano,9
Vole,12
Volga_River,9
Volleyball,15
Volt,13
Voltaire,3
Voting,6
Vowel,6
Voynich_manuscript,1
Vulgar_Latin,1
Vulture,0
W._Mark_Felt,8
WTA_Tour_Championships,15
Wader,12
Waheguru,1
Wake_Island,8
Wales,5
Wall_Street,5
Wallaby,0
Wallis_and_Futuna,14
Walrus,0
Walt_Disney,7
Walt_Whitman,8
Walter_Raleigh,3
Walter_Scott,3
War,6
War_and_Peace,7
War_in_Somalia_%282006%E2%80%93present%29,14
War_of_the_League_of_Cambrai,3
War_of_the_Spanish_Succession,3
Ward_Cunningham,10
Warren_G._Harding,8
Wars_of_Castro,3
Wars_of_the_Roses,3
Warsaw,5
Warsaw_Uprising_%281794%29,3
Wasabi,2
Washington%2C_D.C.,5
Washington_Metro,4
Washington_streetcars,4
Wasp,12
Waste_management,13
Watch,10
Watchmen,7
Water,9
Water_Buffalo,0
Water_polo,15
Water_purification,13
Water_resources,9
Watercolor_painting,2
Watling_Street,1
Wave,11
Wave%E2%80%93particle_duality,11
Wayne_Rooney,15
Weakest_Link,7
Weapon,1
Weasel,12
Weather,9
Weather_forecasting,4
Weather_map,11
Weed,2
Weight_training,15
Weimar_Republic,8
Welding,13
Wellington,5
Welsh_law,3
Wernher_von_Braun,8
Wessex,1
West_Bank,5
West_Flemish,9
West_Virginia,8
Western_Front_%28World_War_I%29,8
Western_Roman_Empire,1
Western_Sahara,14
Western_painting,6
Westminster_Abbey,3
Westminster_System,14
Weston-super-Mare,5
Westport_Country_Playhouse,7
Weyauwega_derailment,4
Weymouth,5
Weyto_language,1
Whale,0
Whale_shark,0
Whale_song,0
Wheat,2
Where_Did_Our_Love_Go,7
Whipworm,2
White%27s_Tree_Frog,0
White-tailed_Eagle,0
White_Mountain_art,3
White_Wagtail,12
White_cliffs_of_Dover,9
Whitethroat,12
Whitney_Joins_The_JAMs,7
Whooping_Crane,12
Wigeon,12
Wikimedia_Foundation,10
Wikinews,10
Wikipedia,10
Wikipedia_Text_of_the_GNU_Free_Documentation_License,10
Wikisource,10
Wikispecies,10
Wild_cat,12
Wildebeest,0
Willem_Barents,9
William_Butler_Yeats,3
William_Edington,3
William_Ewart_Gladstone,8
William_Gilbert,11
William_Gladstone,8
William_Harvey,3
William_Henry_Harrison,8
William_Hogarth,3
William_Howard_Taft,8
William_III_of_England,3
William_II_of_England,3
William_IV_of_the_United_Kingdom,3
William_I_of_England,3
William_Mahone,8
William_McKinley,8
William_N._Page,4
William_Pitt_the_Younger,3
William_Renshaw,15
William_Shakespeare,3
William_Tecumseh_Sherman,8
William_Thomson%2C_1st_Baron_Kelvin,3
William_Wilberforce,3
William_and_Mary,9
William_the_Silent,3
Wind,9
Windows_2000,10
Windows_Vista,10
Windows_XP,10
Windsor_Castle,3
Wine,2
Winfield_Scott_%28ship%29,4
Winfield_Scott_Hancock,8
Winston_Churchill,8
Winston_Tunnel,4
Winter,15
Witold_Pilecki,8
Wolf_Brother,7
Wolfgang_Amadeus_Mozart,3
Wolverine,12
Wombat,0
Women%27s_rights,6
Wood,2
Wood_Pigeon,12
Wood_fuel,2
Woodpecker,12
Woodrow_Wilson,8
Woodruff,12
Woodworking,1
WorkChoices,8
Work_%28thermodynamics%29,11
Working_poor,6
World_Bank_Group,6
World_Health_Organization,14
World_Heritage_Site,9
World_Trade_Organization,14
World_War_I,8
World_War_II,8
World_Wide_Web,10
Worm,2
Wowpurchase,15
Wren,12
Wrench,10
Wrestling,1
Wright_brothers,4
Writing,1
Wyndham_Robertson,8
X-Men__The_Last_Stand,7
X_Window_System,10
X_Window_System_protocols_and_architecture,10
X_Window_core_protocol,10
Xanadu_House,4
Xenon,13
Yagan,3
Yak,12
Yamoussoukro,14
Yangtze_River,9
Yarralumla%2C_Australian_Capital_Territory,5
Yeast,2
Yellow_River,9
Yellow_fever,2
Yellowhammer,12
Yellowstone_National_Park,9
Yemen,14
Yenisei_River,9
Yes_Minister,7
Yeti,0
Yom_Kippur_War,8
York,5
Yorkshire_Dales,9
Yotsuya_Kaidan,7
You%27re_Still_the_One,7
Ytterbium,13
Yttrium,13
Yugoslavia,8
Yungay%2C_Peru,9
Yuri_Gagarin,8
Yuri_Knorosov,1
Z%C3%BCrich,5
ZX_Spectrum,10
Zachary_Taylor,8
Zambezi,9
Zambia,14
Zara_Yaqob,1
Zebra,0
Zebra_shark,12
Zeus,1
Zhang_Qian,1
Zheng_He,1
Ziad_Jarrah,8
Zimbabwe,14
Zinc,13
Zinc_chloride,13
Zion_National_Park,9
Zionism,8
Zirconium,13
Zoroaster,1
Zuid-Gelders,12
Zulu,14
